"","COMP","SEASON","ROUND","LEG","DATE","HOMETEAM","AWAYTEAM","FTHG","FTAG","HTHG","HTAG","ETHG","ETAG","PTHG","PTAG","LEG_ID","TYPE"
"1","UCL","1994-1995","R8","1",1995-03-01,"FC Barcelona","Paris Saint-Germain",1,1,0,0,NA,NA,NA,NA,"G1","G"
"2","UCL","1994-1995","R8","2",1995-03-15,"Paris Saint-Germain","FC Barcelona",2,1,0,0,NA,NA,NA,NA,"G1","G"
"3","UCL","1994-1995","R8","1",1995-03-01,"Bayern München","IFK Göteborg",0,0,0,0,NA,NA,NA,NA,"G2","G"
"4","UCL","1994-1995","R8","2",1995-03-15,"IFK Göteborg","Bayern München",2,2,0,0,NA,NA,NA,NA,"G2","G"
"5","UCL","1994-1995","R8","1",1995-03-01,"Hajduk Split","AFC Ajax",0,0,0,0,NA,NA,NA,NA,"G3","G"
"6","UCL","1994-1995","R8","2",1995-03-15,"AFC Ajax","Hajduk Split",3,0,2,0,NA,NA,NA,NA,"G3","G"
"7","UCL","1994-1995","R8","1",1995-03-01,"AC Milan","SL Benfica",2,0,0,0,NA,NA,NA,NA,"G4","G"
"8","UCL","1994-1995","R8","2",1995-03-15,"SL Benfica","AC Milan",0,0,0,0,NA,NA,NA,NA,"G4","G"
"9","UCL","1995-1996","R8","1",1996-03-05,"Borussia Dortmund","AFC Ajax",0,2,0,1,NA,NA,NA,NA,"G5","G"
"10","UCL","1995-1996","R8","2",1996-03-20,"AFC Ajax","Borussia Dortmund",1,0,0,0,NA,NA,NA,NA,"G5","G"
"11","UCL","1995-1996","R8","1",1996-03-05,"Legia Warszawa","Panathinaikos",0,0,0,0,NA,NA,NA,NA,"G6","G"
"12","UCL","1995-1996","R8","2",1996-03-20,"Panathinaikos","Legia Warszawa",3,0,1,0,NA,NA,NA,NA,"G6","G"
"13","UCL","1995-1996","R8","1",1996-03-05,"FC Nantes","Spartak Moskva",2,0,1,0,NA,NA,NA,NA,"G7","G"
"14","UCL","1995-1996","R8","2",1996-03-20,"Spartak Moskva","FC Nantes",2,2,2,0,NA,NA,NA,NA,"G7","G"
"15","UCL","1995-1996","R8","1",1996-03-05,"Real Madrid","Juventus",1,0,1,0,NA,NA,NA,NA,"G8","G"
"16","UCL","1995-1996","R8","2",1996-03-20,"Juventus","Real Madrid",2,0,1,0,NA,NA,NA,NA,"G8","G"
"17","UCL","1996-1997","R8","1",1997-03-05,"Manchester United","FC Porto",4,0,2,0,NA,NA,NA,NA,"G9","G"
"18","UCL","1996-1997","R8","2",1997-03-19,"FC Porto","Manchester United",0,0,0,0,NA,NA,NA,NA,"G9","G"
"19","UCL","1996-1997","R8","1",1997-03-05,"Rosenborg BK","Juventus",1,1,0,0,NA,NA,NA,NA,"G10","G"
"20","UCL","1996-1997","R8","2",1997-03-19,"Juventus","Rosenborg BK",2,0,1,0,NA,NA,NA,NA,"G10","G"
"21","UCL","1996-1997","R8","1",1997-03-05,"Borussia Dortmund","AJ Auxerre",3,1,1,0,NA,NA,NA,NA,"G11","G"
"22","UCL","1996-1997","R8","2",1997-03-19,"AJ Auxerre","Borussia Dortmund",0,1,0,0,NA,NA,NA,NA,"G11","G"
"23","UCL","1997-1998","R8","1",1998-03-04,"Bayer Leverkusen","Real Madrid",1,1,1,0,NA,NA,NA,NA,"G12","G"
"24","UCL","1997-1998","R8","2",1998-03-18,"Real Madrid","Bayer Leverkusen",3,0,0,0,NA,NA,NA,NA,"G12","G"
"25","UCL","1997-1998","R8","1",1998-03-04,"Juventus","Dinamo Kiev",1,1,0,0,NA,NA,NA,NA,"G13","G"
"26","UCL","1997-1998","R8","2",1998-03-18,"Dinamo Kiev","Juventus",1,4,0,1,NA,NA,NA,NA,"G13","G"
"27","UCL","1997-1998","R8","1",1998-03-04,"AS Monaco","Manchester United",0,0,0,0,NA,NA,NA,NA,"G14","G"
"28","UCL","1997-1998","R8","2",1998-03-18,"Manchester United","AS Monaco",1,1,0,1,NA,NA,NA,NA,"G14","G"
"29","UCL","1998-1999","R8","1",1999-03-03,"Bayern München","1. FC Kaiserslautern",2,0,2,0,NA,NA,NA,NA,"G15","G"
"30","UCL","1998-1999","R8","2",1999-03-17,"1. FC Kaiserslautern","Bayern München",0,4,0,3,NA,NA,NA,NA,"G15","G"
"31","UCL","1998-1999","R8","1",1999-03-03,"Juventus","Olympiakos Piräus",2,1,1,0,NA,NA,NA,NA,"G16","G"
"32","UCL","1998-1999","R8","2",1999-03-17,"Olympiakos Piräus","Juventus",1,1,1,0,NA,NA,NA,NA,"G16","G"
"33","UCL","1998-1999","R8","1",1999-03-03,"Manchester United","Inter",2,0,2,0,NA,NA,NA,NA,"G17","G"
"34","UCL","1998-1999","R8","2",1999-03-17,"Inter","Manchester United",1,1,0,0,NA,NA,NA,NA,"G17","G"
"35","UCL","1998-1999","R8","1",1999-03-03,"Real Madrid","Dinamo Kiev",1,1,0,0,NA,NA,NA,NA,"G18","G"
"36","UCL","1998-1999","R8","2",1999-03-17,"Dinamo Kiev","Real Madrid",2,0,0,0,NA,NA,NA,NA,"G18","G"
"37","UCL","1999-2000","R8","1",2000-04-04,"FC Porto","Bayern München",1,1,0,0,NA,NA,NA,NA,"G19","G"
"38","UCL","1999-2000","R8","2",2000-04-19,"Bayern München","FC Porto",2,1,1,0,NA,NA,NA,NA,"G19","G"
"39","UCL","1999-2000","R8","1",2000-04-04,"Real Madrid","Manchester United",0,0,0,0,NA,NA,NA,NA,"G20","G"
"40","UCL","1999-2000","R8","2",2000-04-19,"Manchester United","Real Madrid",2,3,0,1,NA,NA,NA,NA,"G20","G"
"41","UCL","1999-2000","R8","1",2000-04-05,"Valencia CF","Lazio Roma",5,2,3,1,NA,NA,NA,NA,"G21","G"
"42","UCL","1999-2000","R8","2",2000-04-18,"Lazio Roma","Valencia CF",1,0,0,0,NA,NA,NA,NA,"G21","G"
"43","UCL","2000-2001","R8","1",2001-04-03,"Manchester United","Bayern München",0,1,0,0,NA,NA,NA,NA,"G22","G"
"44","UCL","2000-2001","R8","2",2001-04-18,"Bayern München","Manchester United",2,1,2,0,NA,NA,NA,NA,"G22","G"
"45","UCL","2000-2001","R8","1",2001-04-03,"Galatasaray","Real Madrid",3,2,0,2,NA,NA,NA,NA,"G23","G"
"46","UCL","2000-2001","R8","2",2001-04-18,"Real Madrid","Galatasaray",3,0,3,0,NA,NA,NA,NA,"G23","G"
"47","UCL","2000-2001","R8","1",2001-04-04,"Leeds United","Deportivo La Coruña",3,0,1,0,NA,NA,NA,NA,"G24","G"
"48","UCL","2000-2001","R8","2",2001-04-17,"Deportivo La Coruña","Leeds United",2,0,1,0,NA,NA,NA,NA,"G24","G"
"49","UCL","2000-2001","R8","1",2001-04-04,"Arsenal FC","Valencia CF",2,1,0,1,NA,NA,NA,NA,"G25","G"
"50","UCL","2000-2001","R8","2",2001-04-17,"Valencia CF","Arsenal FC",1,0,0,0,NA,NA,NA,NA,"G25","G"
"51","UCL","2001-2002","R8","1",2002-04-02,"Bayern München","Real Madrid",2,1,0,1,NA,NA,NA,NA,"G26","G"
"52","UCL","2001-2002","R8","2",2002-04-10,"Real Madrid","Bayern München",2,0,0,0,NA,NA,NA,NA,"G26","G"
"53","UCL","2001-2002","R8","1",2002-04-02,"Deportivo La Coruña","Manchester United",0,2,0,2,NA,NA,NA,NA,"G27","G"
"54","UCL","2001-2002","R8","2",2002-04-10,"Manchester United","Deportivo La Coruña",3,2,1,1,NA,NA,NA,NA,"G27","G"
"55","UCL","2001-2002","R8","1",2002-04-03,"Panathinaikos","FC Barcelona",1,0,0,0,NA,NA,NA,NA,"G28","G"
"56","UCL","2001-2002","R8","2",2002-04-09,"FC Barcelona","Panathinaikos",3,1,1,1,NA,NA,NA,NA,"G28","G"
"57","UCL","2001-2002","R8","1",2002-04-03,"Liverpool FC","Bayer Leverkusen",1,0,1,0,NA,NA,NA,NA,"G29","G"
"58","UCL","2001-2002","R8","2",2002-04-09,"Bayer Leverkusen","Liverpool FC",4,2,1,1,NA,NA,NA,NA,"G29","G"
"59","UCL","2002-2003","R8","1",2003-04-08,"Real Madrid","Manchester United",3,1,2,0,NA,NA,NA,NA,"G30","G"
"60","UCL","2002-2003","R8","2",2003-04-23,"Manchester United","Real Madrid",4,3,1,1,NA,NA,NA,NA,"G30","G"
"61","UCL","2002-2003","R8","1",2003-04-08,"AFC Ajax","AC Milan",0,0,0,0,NA,NA,NA,NA,"G31","G"
"62","UCL","2002-2003","R8","2",2003-04-23,"AC Milan","AFC Ajax",3,2,1,0,NA,NA,NA,NA,"G31","G"
"63","UCL","2002-2003","R8","1",2003-04-09,"Inter","Valencia CF",1,0,1,0,NA,NA,NA,NA,"G32","G"
"64","UCL","2002-2003","R8","2",2003-04-22,"Valencia CF","Inter",2,1,1,1,NA,NA,NA,NA,"G32","G"
"65","UCL","1994-1995","R4","1",1995-04-05,"Bayern München","AFC Ajax",0,0,0,0,NA,NA,NA,NA,"G33","G"
"66","UCL","1994-1995","R4","2",1995-04-19,"AFC Ajax","Bayern München",5,2,3,1,NA,NA,NA,NA,"G33","G"
"67","UCL","1994-1995","R4","1",1995-04-05,"Paris Saint-Germain","AC Milan",0,1,0,0,NA,NA,NA,NA,"G34","G"
"68","UCL","1994-1995","R4","2",1995-04-19,"AC Milan","Paris Saint-Germain",2,0,1,0,NA,NA,NA,NA,"G34","G"
"69","UCL","1995-1996","R4","1",1996-04-03,"AFC Ajax","Panathinaikos",0,1,0,0,NA,NA,NA,NA,"G35","G"
"70","UCL","1995-1996","R4","2",1996-04-17,"Panathinaikos","AFC Ajax",0,3,0,1,NA,NA,NA,NA,"G35","G"
"71","UCL","1995-1996","R4","1",1996-04-03,"Juventus","FC Nantes",2,0,0,0,NA,NA,NA,NA,"G36","G"
"72","UCL","1995-1996","R4","2",1996-04-17,"FC Nantes","Juventus",3,2,1,1,NA,NA,NA,NA,"G36","G"
"73","UCL","1996-1997","R4","1",1997-04-09,"AFC Ajax","Juventus",1,2,0,2,NA,NA,NA,NA,"G37","G"
"74","UCL","1996-1997","R4","2",1997-04-23,"Juventus","AFC Ajax",4,1,2,0,NA,NA,NA,NA,"G37","G"
"75","UCL","1996-1997","R4","1",1997-04-09,"Borussia Dortmund","Manchester United",1,0,0,0,NA,NA,NA,NA,"G38","G"
"76","UCL","1996-1997","R4","2",1997-04-23,"Manchester United","Borussia Dortmund",0,1,0,1,NA,NA,NA,NA,"G38","G"
"77","UCL","1997-1998","R4","1",1998-04-01,"Juventus","AS Monaco",4,1,2,1,NA,NA,NA,NA,"G39","G"
"78","UCL","1997-1998","R4","2",1998-04-15,"AS Monaco","Juventus",3,2,1,1,NA,NA,NA,NA,"G39","G"
"79","UCL","1997-1998","R4","1",1998-04-01,"Real Madrid","Borussia Dortmund",2,0,1,0,NA,NA,NA,NA,"G40","G"
"80","UCL","1997-1998","R4","2",1998-04-15,"Borussia Dortmund","Real Madrid",0,0,0,0,NA,NA,NA,NA,"G40","G"
"81","UCL","1998-1999","R4","1",1999-04-07,"Dinamo Kiev","Bayern München",3,3,2,1,NA,NA,NA,NA,"G41","G"
"82","UCL","1998-1999","R4","2",1999-04-21,"Bayern München","Dinamo Kiev",1,0,1,0,NA,NA,NA,NA,"G41","G"
"83","UCL","1998-1999","R4","1",1999-04-07,"Manchester United","Juventus",1,1,0,1,NA,NA,NA,NA,"G42","G"
"84","UCL","1998-1999","R4","2",1999-04-21,"Juventus","Manchester United",2,3,2,2,NA,NA,NA,NA,"G42","G"
"85","UCL","1999-2000","R4","1",2000-05-02,"Valencia CF","FC Barcelona",4,1,3,1,NA,NA,NA,NA,"G43","G"
"86","UCL","1999-2000","R4","2",2000-05-10,"FC Barcelona","Valencia CF",2,1,0,0,NA,NA,NA,NA,"G43","G"
"87","UCL","1999-2000","R4","1",2000-05-02,"Real Madrid","Bayern München",2,0,2,0,NA,NA,NA,NA,"G44","G"
"88","UCL","1999-2000","R4","2",2000-05-10,"Bayern München","Real Madrid",2,1,1,1,NA,NA,NA,NA,"G44","G"
"89","UCL","2000-2001","R4","1",2001-05-01,"Real Madrid","Bayern München",0,1,0,0,NA,NA,NA,NA,"G45","G"
"90","UCL","2000-2001","R4","2",2001-05-09,"Bayern München","Real Madrid",2,1,2,1,NA,NA,NA,NA,"G45","G"
"91","UCL","2000-2001","R4","1",2001-05-02,"Leeds United","Valencia CF",0,0,0,0,NA,NA,NA,NA,"G46","G"
"92","UCL","2000-2001","R4","2",2001-05-08,"Valencia CF","Leeds United",3,0,1,0,NA,NA,NA,NA,"G46","G"
"93","UCL","2001-2002","R4","1",2002-04-23,"FC Barcelona","Real Madrid",0,2,0,0,NA,NA,NA,NA,"G47","G"
"94","UCL","2001-2002","R4","2",2002-05-01,"Real Madrid","FC Barcelona",1,1,1,0,NA,NA,NA,NA,"G47","G"
"95","UCL","2001-2002","R4","1",2002-04-24,"Manchester United","Bayer Leverkusen",2,2,1,0,NA,NA,NA,NA,"G48","G"
"96","UCL","2001-2002","R4","2",2002-04-30,"Bayer Leverkusen","Manchester United",1,1,1,1,NA,NA,NA,NA,"G48","G"
"97","UCL","2002-2003","R4","1",2003-05-06,"Real Madrid","Juventus",2,1,1,1,NA,NA,NA,NA,"G49","G"
"98","UCL","2002-2003","R4","2",2003-05-14,"Juventus","Real Madrid",3,1,2,0,NA,NA,NA,NA,"G49","G"
"99","UCL","2002-2003","R4","1",2003-05-07,"AC Milan","Inter",0,0,0,0,NA,NA,NA,NA,"G50","G"
"100","UCL","2002-2003","R4","2",2003-05-13,"Inter","AC Milan",1,1,0,1,NA,NA,NA,NA,"G50","G"
"101","UCL","2003-2004","R8","1",2004-03-23,"FC Porto","Olympique Lyon",2,0,1,0,NA,NA,NA,NA,"G51","G"
"102","UCL","2003-2004","R8","2",2004-04-07,"Olympique Lyon","FC Porto",2,2,1,1,NA,NA,NA,NA,"G51","G"
"103","UCL","2003-2004","R8","1",2004-03-23,"AC Milan","Deportivo La Coruña",4,1,1,1,NA,NA,NA,NA,"G52","G"
"104","UCL","2003-2004","R8","2",2004-04-07,"Deportivo La Coruña","AC Milan",4,0,3,0,NA,NA,NA,NA,"G52","G"
"105","UCL","2003-2004","R8","1",2004-03-24,"Real Madrid","AS Monaco",4,2,0,1,NA,NA,NA,NA,"G53","G"
"106","UCL","2003-2004","R8","2",2004-04-06,"AS Monaco","Real Madrid",3,1,1,1,NA,NA,NA,NA,"G53","G"
"107","UCL","2003-2004","R8","1",2004-03-24,"Chelsea FC","Arsenal FC",1,1,0,0,NA,NA,NA,NA,"G54","G"
"108","UCL","2003-2004","R8","2",2004-04-06,"Arsenal FC","Chelsea FC",1,2,1,0,NA,NA,NA,NA,"G54","G"
"109","UCL","2004-2005","R8","1",2005-04-05,"Liverpool FC","Juventus",2,1,2,0,NA,NA,NA,NA,"G55","G"
"110","UCL","2004-2005","R8","2",2005-04-13,"Juventus","Liverpool FC",0,0,0,0,NA,NA,NA,NA,"G55","G"
"111","UCL","2004-2005","R8","1",2005-04-06,"Chelsea FC","Bayern München",4,2,1,0,NA,NA,NA,NA,"G56","G"
"112","UCL","2004-2005","R8","2",2005-04-12,"Bayern München","Chelsea FC",3,2,0,1,NA,NA,NA,NA,"G56","G"
"113","UCL","2005-2006","R8","1",2006-03-28,"Arsenal FC","Juventus",2,0,1,0,NA,NA,NA,NA,"G57","G"
"114","UCL","2005-2006","R8","2",2006-04-05,"Juventus","Arsenal FC",0,0,0,0,NA,NA,NA,NA,"G57","G"
"115","UCL","2005-2006","R8","1",2006-03-28,"SL Benfica","FC Barcelona",0,0,0,0,NA,NA,NA,NA,"G58","G"
"116","UCL","2005-2006","R8","2",2006-04-05,"FC Barcelona","SL Benfica",2,0,1,0,NA,NA,NA,NA,"G58","G"
"117","UCL","2005-2006","R8","1",2006-03-29,"Olympique Lyon","AC Milan",0,0,0,0,NA,NA,NA,NA,"G59","G"
"118","UCL","2005-2006","R8","2",2006-04-04,"AC Milan","Olympique Lyon",3,1,1,1,NA,NA,NA,NA,"G59","G"
"119","UCL","2005-2006","R8","1",2006-03-29,"Inter","Villarreal CF",2,1,1,1,NA,NA,NA,NA,"G60","G"
"120","UCL","2005-2006","R8","2",2006-04-04,"Villarreal CF","Inter",1,0,0,0,NA,NA,NA,NA,"G60","G"
"121","UCL","2006-2007","R8","1",2007-04-03,"AC Milan","Bayern München",2,2,1,0,NA,NA,NA,NA,"G61","G"
"122","UCL","2006-2007","R8","2",2007-04-11,"Bayern München","AC Milan",0,2,0,2,NA,NA,NA,NA,"G61","G"
"123","UCL","2006-2007","R8","1",2007-04-03,"PSV Eindhoven","Liverpool FC",0,3,0,1,NA,NA,NA,NA,"G62","G"
"124","UCL","2006-2007","R8","2",2007-04-11,"Liverpool FC","PSV Eindhoven",1,0,0,0,NA,NA,NA,NA,"G62","G"
"125","UCL","2006-2007","R8","1",2007-04-04,"AS Roma","Manchester United",2,1,1,0,NA,NA,NA,NA,"G63","G"
"126","UCL","2006-2007","R8","2",2007-04-10,"Manchester United","AS Roma",7,1,4,0,NA,NA,NA,NA,"G63","G"
"127","UCL","2006-2007","R8","1",2007-04-04,"Chelsea FC","Valencia CF",1,1,0,1,NA,NA,NA,NA,"G64","G"
"128","UCL","2006-2007","R8","2",2007-04-10,"Valencia CF","Chelsea FC",1,2,1,0,NA,NA,NA,NA,"G64","G"
"129","UCL","2003-2004","R4","1",2004-04-20,"AS Monaco","Chelsea FC",3,1,1,1,NA,NA,NA,NA,"G65","G"
"130","UCL","2003-2004","R4","2",2004-05-05,"Chelsea FC","AS Monaco",2,2,2,1,NA,NA,NA,NA,"G65","G"
"131","UCL","2003-2004","R4","1",2004-04-21,"FC Porto","Deportivo La Coruña",0,0,0,0,NA,NA,NA,NA,"G66","G"
"132","UCL","2003-2004","R4","2",2004-05-04,"Deportivo La Coruña","FC Porto",0,1,0,0,NA,NA,NA,NA,"G66","G"
"133","UCL","2004-2005","R4","1",2005-04-26,"AC Milan","PSV Eindhoven",2,0,1,0,NA,NA,NA,NA,"G67","G"
"134","UCL","2004-2005","R4","2",2005-05-04,"PSV Eindhoven","AC Milan",3,1,1,0,NA,NA,NA,NA,"G67","G"
"135","UCL","2004-2005","R4","1",2005-04-27,"Chelsea FC","Liverpool FC",0,0,0,0,NA,NA,NA,NA,"G68","G"
"136","UCL","2004-2005","R4","2",2005-05-03,"Liverpool FC","Chelsea FC",1,0,1,0,NA,NA,NA,NA,"G68","G"
"137","UCL","2005-2006","R4","1",2006-04-18,"AC Milan","FC Barcelona",0,1,0,0,NA,NA,NA,NA,"G69","G"
"138","UCL","2005-2006","R4","2",2006-04-26,"FC Barcelona","AC Milan",0,0,0,0,NA,NA,NA,NA,"G69","G"
"139","UCL","2005-2006","R4","1",2006-04-19,"Arsenal FC","Villarreal CF",1,0,1,0,NA,NA,NA,NA,"G70","G"
"140","UCL","2005-2006","R4","2",2006-04-25,"Villarreal CF","Arsenal FC",0,0,0,0,NA,NA,NA,NA,"G70","G"
"141","UCL","2006-2007","R4","1",2007-04-24,"Manchester United","AC Milan",3,2,1,2,NA,NA,NA,NA,"G71","G"
"142","UCL","2006-2007","R4","2",2007-05-02,"AC Milan","Manchester United",3,0,2,0,NA,NA,NA,NA,"G71","G"
"143","UCL","2007-2008","R16","1",2008-02-19,"Liverpool FC","Inter",2,0,0,0,NA,NA,NA,NA,"G72","G"
"144","UCL","2007-2008","R16","2",2008-03-11,"Inter","Liverpool FC",0,1,0,0,NA,NA,NA,NA,"G72","G"
"145","UCL","2007-2008","R16","1",2008-02-19,"AS Roma","Real Madrid",2,1,1,1,NA,NA,NA,NA,"G73","G"
"146","UCL","2007-2008","R16","2",2008-03-05,"Real Madrid","AS Roma",1,2,0,0,NA,NA,NA,NA,"G73","G"
"147","UCL","2007-2008","R16","1",2008-02-19,"Olympiakos Piräus","Chelsea FC",0,0,0,0,NA,NA,NA,NA,"G74","G"
"148","UCL","2007-2008","R16","2",2008-03-05,"Chelsea FC","Olympiakos Piräus",3,0,2,0,NA,NA,NA,NA,"G74","G"
"149","UCL","2007-2008","R16","1",2008-02-20,"Celtic FC","FC Barcelona",2,3,2,1,NA,NA,NA,NA,"G75","G"
"150","UCL","2007-2008","R16","2",2008-03-04,"FC Barcelona","Celtic FC",1,0,1,0,NA,NA,NA,NA,"G75","G"
"151","UCL","2007-2008","R16","1",2008-02-20,"Olympique Lyon","Manchester United",1,1,0,0,NA,NA,NA,NA,"G76","G"
"152","UCL","2007-2008","R16","2",2008-03-04,"Manchester United","Olympique Lyon",1,0,1,0,NA,NA,NA,NA,"G76","G"
"153","UCL","2007-2008","R16","1",2008-02-20,"Arsenal FC","AC Milan",0,0,0,0,NA,NA,NA,NA,"G77","G"
"154","UCL","2007-2008","R16","2",2008-03-04,"AC Milan","Arsenal FC",0,2,0,0,NA,NA,NA,NA,"G77","G"
"155","UCL","2008-2009","R16","1",2009-02-24,"Atlético Madrid","FC Porto",2,2,2,1,NA,NA,NA,NA,"G78","G"
"156","UCL","2008-2009","R16","2",2009-03-11,"FC Porto","Atlético Madrid",0,0,0,0,NA,NA,NA,NA,"G78","G"
"157","UCL","2008-2009","R16","1",2009-02-24,"Olympique Lyon","FC Barcelona",1,1,1,0,NA,NA,NA,NA,"G79","G"
"158","UCL","2008-2009","R16","2",2009-03-11,"FC Barcelona","Olympique Lyon",5,2,4,1,NA,NA,NA,NA,"G79","G"
"159","UCL","2008-2009","R16","1",2009-02-24,"Inter","Manchester United",0,0,0,0,NA,NA,NA,NA,"G80","G"
"160","UCL","2008-2009","R16","2",2009-03-11,"Manchester United","Inter",2,0,1,0,NA,NA,NA,NA,"G80","G"
"161","UCL","2008-2009","R16","1",2009-02-25,"Chelsea FC","Juventus",1,0,1,0,NA,NA,NA,NA,"G81","G"
"162","UCL","2008-2009","R16","2",2009-03-10,"Juventus","Chelsea FC",2,2,1,1,NA,NA,NA,NA,"G81","G"
"163","UCL","2008-2009","R16","1",2009-02-25,"Villarreal CF","Panathinaikos",1,1,0,0,NA,NA,NA,NA,"G82","G"
"164","UCL","2008-2009","R16","2",2009-03-10,"Panathinaikos","Villarreal CF",1,2,0,0,NA,NA,NA,NA,"G82","G"
"165","UCL","2008-2009","R16","1",2009-02-25,"Sporting CP","Bayern München",0,5,0,1,NA,NA,NA,NA,"G83","G"
"166","UCL","2008-2009","R16","2",2009-03-10,"Bayern München","Sporting CP",7,1,4,1,NA,NA,NA,NA,"G83","G"
"167","UCL","2008-2009","R16","1",2009-02-25,"Real Madrid","Liverpool FC",0,1,0,0,NA,NA,NA,NA,"G84","G"
"168","UCL","2008-2009","R16","2",2009-03-10,"Liverpool FC","Real Madrid",4,0,2,0,NA,NA,NA,NA,"G84","G"
"169","UCL","2009-2010","R16","1",2010-02-16,"Olympique Lyon","Real Madrid",1,0,0,0,NA,NA,NA,NA,"G85","G"
"170","UCL","2009-2010","R16","2",2010-03-10,"Real Madrid","Olympique Lyon",1,1,1,0,NA,NA,NA,NA,"G85","G"
"171","UCL","2009-2010","R16","1",2010-02-16,"AC Milan","Manchester United",2,3,1,1,NA,NA,NA,NA,"G86","G"
"172","UCL","2009-2010","R16","2",2010-03-10,"Manchester United","AC Milan",4,0,1,0,NA,NA,NA,NA,"G86","G"
"173","UCL","2009-2010","R16","1",2010-02-17,"Bayern München","ACF Fiorentina",2,1,1,0,NA,NA,NA,NA,"G87","G"
"174","UCL","2009-2010","R16","2",2010-03-09,"ACF Fiorentina","Bayern München",3,2,1,0,NA,NA,NA,NA,"G87","G"
"175","UCL","2009-2010","R16","1",2010-02-17,"FC Porto","Arsenal FC",2,1,1,1,NA,NA,NA,NA,"G88","G"
"176","UCL","2009-2010","R16","2",2010-03-09,"Arsenal FC","FC Porto",5,0,2,0,NA,NA,NA,NA,"G88","G"
"177","UCL","2009-2010","R16","1",2010-02-23,"VfB Stuttgart","FC Barcelona",1,1,1,0,NA,NA,NA,NA,"G89","G"
"178","UCL","2009-2010","R16","2",2010-03-17,"FC Barcelona","VfB Stuttgart",4,0,2,0,NA,NA,NA,NA,"G89","G"
"179","UCL","2009-2010","R16","1",2010-02-23,"Olympiakos Piräus","Girondins Bordeaux",0,1,0,1,NA,NA,NA,NA,"G90","G"
"180","UCL","2009-2010","R16","2",2010-03-17,"Girondins Bordeaux","Olympiakos Piräus",2,1,1,0,NA,NA,NA,NA,"G90","G"
"181","UCL","2009-2010","R16","1",2010-02-24,"CSKA Moskva","Sevilla FC",1,1,0,1,NA,NA,NA,NA,"G91","G"
"182","UCL","2009-2010","R16","2",2010-03-16,"Sevilla FC","CSKA Moskva",1,2,1,1,NA,NA,NA,NA,"G91","G"
"183","UCL","2009-2010","R16","1",2010-02-24,"Inter","Chelsea FC",2,1,1,0,NA,NA,NA,NA,"G92","G"
"184","UCL","2009-2010","R16","2",2010-03-16,"Chelsea FC","Inter",0,1,0,0,NA,NA,NA,NA,"G92","G"
"185","UCL","2010-2011","R16","1",2011-02-15,"AC Milan","Tottenham Hotspur",0,1,0,0,NA,NA,NA,NA,"G93","G"
"186","UCL","2010-2011","R16","2",2011-03-09,"Tottenham Hotspur","AC Milan",0,0,0,0,NA,NA,NA,NA,"G93","G"
"187","UCL","2010-2011","R16","1",2011-02-15,"Valencia CF","FC Schalke 04",1,1,1,0,NA,NA,NA,NA,"G94","G"
"188","UCL","2010-2011","R16","2",2011-03-09,"FC Schalke 04","Valencia CF",3,1,1,1,NA,NA,NA,NA,"G94","G"
"189","UCL","2010-2011","R16","1",2011-02-16,"AS Roma","Shakhtar Donetsk",2,3,1,3,NA,NA,NA,NA,"G95","G"
"190","UCL","2010-2011","R16","2",2011-03-08,"Shakhtar Donetsk","AS Roma",3,0,1,0,NA,NA,NA,NA,"G95","G"
"191","UCL","2010-2011","R16","1",2011-02-16,"Arsenal FC","FC Barcelona",2,1,0,1,NA,NA,NA,NA,"G96","G"
"192","UCL","2010-2011","R16","2",2011-03-08,"FC Barcelona","Arsenal FC",3,1,1,0,NA,NA,NA,NA,"G96","G"
"193","UCL","2010-2011","R16","1",2011-02-22,"Olympique Lyon","Real Madrid",1,1,0,0,NA,NA,NA,NA,"G97","G"
"194","UCL","2010-2011","R16","2",2011-03-16,"Real Madrid","Olympique Lyon",3,0,1,0,NA,NA,NA,NA,"G97","G"
"195","UCL","2010-2011","R16","1",2011-02-22,"FC København","Chelsea FC",0,2,0,1,NA,NA,NA,NA,"G98","G"
"196","UCL","2010-2011","R16","2",2011-03-16,"Chelsea FC","FC København",0,0,0,0,NA,NA,NA,NA,"G98","G"
"197","UCL","2010-2011","R16","1",2011-02-23,"Inter","Bayern München",0,1,0,0,NA,NA,NA,NA,"G99","G"
"198","UCL","2010-2011","R16","2",2011-03-15,"Bayern München","Inter",2,3,2,1,NA,NA,NA,NA,"G99","G"
"199","UCL","2010-2011","R16","1",2011-02-23,"Olympique Marseille","Manchester United",0,0,0,0,NA,NA,NA,NA,"G100","G"
"200","UCL","2010-2011","R16","2",2011-03-15,"Manchester United","Olympique Marseille",2,1,1,0,NA,NA,NA,NA,"G100","G"
"201","UCL","2011-2012","R16","1",2012-02-14,"Bayer Leverkusen","FC Barcelona",1,3,0,1,NA,NA,NA,NA,"G101","G"
"202","UCL","2011-2012","R16","2",2012-03-07,"FC Barcelona","Bayer Leverkusen",7,1,2,0,NA,NA,NA,NA,"G101","G"
"203","UCL","2011-2012","R16","1",2012-02-15,"Zenit St. Petersburg","SL Benfica",3,2,1,1,NA,NA,NA,NA,"G102","G"
"204","UCL","2011-2012","R16","2",2012-03-06,"SL Benfica","Zenit St. Petersburg",2,0,1,0,NA,NA,NA,NA,"G102","G"
"205","UCL","2011-2012","R16","1",2012-02-15,"AC Milan","Arsenal FC",4,0,2,0,NA,NA,NA,NA,"G103","G"
"206","UCL","2011-2012","R16","2",2012-03-06,"Arsenal FC","AC Milan",3,0,3,0,NA,NA,NA,NA,"G103","G"
"207","UCL","2011-2012","R16","1",2012-02-21,"CSKA Moskva","Real Madrid",1,1,0,1,NA,NA,NA,NA,"G104","G"
"208","UCL","2011-2012","R16","2",2012-03-14,"Real Madrid","CSKA Moskva",4,1,1,0,NA,NA,NA,NA,"G104","G"
"209","UCL","2011-2012","R16","1",2012-02-22,"FC Basel","Bayern München",1,0,0,0,NA,NA,NA,NA,"G105","G"
"210","UCL","2011-2012","R16","2",2012-03-13,"Bayern München","FC Basel",7,0,3,0,NA,NA,NA,NA,"G105","G"
"211","UCL","2011-2012","R16","1",2012-02-22,"Olympique Marseille","Inter",1,0,0,0,NA,NA,NA,NA,"G106","G"
"212","UCL","2011-2012","R16","2",2012-03-13,"Inter","Olympique Marseille",2,1,0,0,NA,NA,NA,NA,"G106","G"
"213","UCL","2012-2013","R16","1",2013-02-12,"Celtic FC","Juventus",0,3,0,1,NA,NA,NA,NA,"G107","G"
"214","UCL","2012-2013","R16","2",2013-03-06,"Juventus","Celtic FC",2,0,1,0,NA,NA,NA,NA,"G107","G"
"215","UCL","2012-2013","R16","1",2013-02-12,"Valencia CF","Paris Saint-Germain",1,2,0,2,NA,NA,NA,NA,"G108","G"
"216","UCL","2012-2013","R16","2",2013-03-06,"Paris Saint-Germain","Valencia CF",1,1,0,0,NA,NA,NA,NA,"G108","G"
"217","UCL","2012-2013","R16","1",2013-02-13,"Shakhtar Donetsk","Borussia Dortmund",2,2,1,1,NA,NA,NA,NA,"G109","G"
"218","UCL","2012-2013","R16","2",2013-03-05,"Borussia Dortmund","Shakhtar Donetsk",3,0,2,0,NA,NA,NA,NA,"G109","G"
"219","UCL","2012-2013","R16","1",2013-02-13,"Real Madrid","Manchester United",1,1,1,1,NA,NA,NA,NA,"G110","G"
"220","UCL","2012-2013","R16","2",2013-03-05,"Manchester United","Real Madrid",1,2,0,0,NA,NA,NA,NA,"G110","G"
"221","UCL","2012-2013","R16","1",2013-02-19,"Arsenal FC","Bayern München",1,3,0,2,NA,NA,NA,NA,"G111","G"
"222","UCL","2012-2013","R16","2",2013-03-13,"Bayern München","Arsenal FC",0,2,0,1,NA,NA,NA,NA,"G111","G"
"223","UCL","2012-2013","R16","1",2013-02-19,"FC Porto","Málaga CF",1,0,0,0,NA,NA,NA,NA,"G112","G"
"224","UCL","2012-2013","R16","2",2013-03-13,"Málaga CF","FC Porto",2,0,1,0,NA,NA,NA,NA,"G112","G"
"225","UCL","2012-2013","R16","1",2013-02-20,"Galatasaray","FC Schalke 04",1,1,1,1,NA,NA,NA,NA,"G113","G"
"226","UCL","2012-2013","R16","2",2013-03-12,"FC Schalke 04","Galatasaray",2,3,1,2,NA,NA,NA,NA,"G113","G"
"227","UCL","2012-2013","R16","1",2013-02-20,"AC Milan","FC Barcelona",2,0,0,0,NA,NA,NA,NA,"G114","G"
"228","UCL","2012-2013","R16","2",2013-03-12,"FC Barcelona","AC Milan",4,0,2,0,NA,NA,NA,NA,"G114","G"
"229","UCL","2013-2014","R16","1",2014-02-18,"Manchester City","FC Barcelona",0,2,0,0,NA,NA,NA,NA,"G115","G"
"230","UCL","2013-2014","R16","2",2014-03-12,"FC Barcelona","Manchester City",2,1,0,0,NA,NA,NA,NA,"G115","G"
"231","UCL","2013-2014","R16","1",2014-02-18,"Bayer Leverkusen","Paris Saint-Germain",0,4,0,3,NA,NA,NA,NA,"G116","G"
"232","UCL","2013-2014","R16","2",2014-03-12,"Paris Saint-Germain","Bayer Leverkusen",2,1,1,1,NA,NA,NA,NA,"G116","G"
"233","UCL","2013-2014","R16","1",2014-02-19,"AC Milan","Atlético Madrid",0,1,0,0,NA,NA,NA,NA,"G117","G"
"234","UCL","2013-2014","R16","2",2014-03-11,"Atlético Madrid","AC Milan",4,1,2,1,NA,NA,NA,NA,"G117","G"
"235","UCL","2013-2014","R16","1",2014-02-19,"Arsenal FC","Bayern München",0,2,0,0,NA,NA,NA,NA,"G118","G"
"236","UCL","2013-2014","R16","2",2014-03-11,"Bayern München","Arsenal FC",1,1,0,0,NA,NA,NA,NA,"G118","G"
"237","UCL","2013-2014","R16","1",2014-02-25,"Zenit St. Petersburg","Borussia Dortmund",2,4,0,2,NA,NA,NA,NA,"G119","G"
"238","UCL","2013-2014","R16","2",2014-03-19,"Borussia Dortmund","Zenit St. Petersburg",1,2,1,1,NA,NA,NA,NA,"G119","G"
"239","UCL","2013-2014","R16","1",2014-02-25,"Olympiakos Piräus","Manchester United",2,0,1,0,NA,NA,NA,NA,"G120","G"
"240","UCL","2013-2014","R16","2",2014-03-19,"Manchester United","Olympiakos Piräus",3,0,2,0,NA,NA,NA,NA,"G120","G"
"241","UCL","2013-2014","R16","1",2014-02-26,"Galatasaray","Chelsea FC",1,1,0,1,NA,NA,NA,NA,"G121","G"
"242","UCL","2013-2014","R16","2",2014-03-18,"Chelsea FC","Galatasaray",2,0,2,0,NA,NA,NA,NA,"G121","G"
"243","UCL","2013-2014","R16","1",2014-02-26,"FC Schalke 04","Real Madrid",1,6,0,2,NA,NA,NA,NA,"G122","G"
"244","UCL","2013-2014","R16","2",2014-03-18,"Real Madrid","FC Schalke 04",3,1,1,1,NA,NA,NA,NA,"G122","G"
"245","UCL","2014-2015","R16","1",2015-02-17,"Shakhtar Donetsk","Bayern München",0,0,0,0,NA,NA,NA,NA,"G123","G"
"246","UCL","2014-2015","R16","2",2015-03-11,"Bayern München","Shakhtar Donetsk",7,0,2,0,NA,NA,NA,NA,"G123","G"
"247","UCL","2014-2015","R16","1",2015-02-18,"FC Schalke 04","Real Madrid",0,2,0,1,NA,NA,NA,NA,"G124","G"
"248","UCL","2014-2015","R16","2",2015-03-10,"Real Madrid","FC Schalke 04",3,4,2,2,NA,NA,NA,NA,"G124","G"
"249","UCL","2014-2015","R16","1",2015-02-18,"FC Basel","FC Porto",1,1,1,0,NA,NA,NA,NA,"G125","G"
"250","UCL","2014-2015","R16","2",2015-03-10,"FC Porto","FC Basel",4,0,1,0,NA,NA,NA,NA,"G125","G"
"251","UCL","2014-2015","R16","1",2015-02-24,"Manchester City","FC Barcelona",1,2,0,2,NA,NA,NA,NA,"G126","G"
"252","UCL","2014-2015","R16","2",2015-03-18,"FC Barcelona","Manchester City",1,0,1,0,NA,NA,NA,NA,"G126","G"
"253","UCL","2014-2015","R16","1",2015-02-24,"Juventus","Borussia Dortmund",2,1,2,1,NA,NA,NA,NA,"G127","G"
"254","UCL","2014-2015","R16","2",2015-03-18,"Borussia Dortmund","Juventus",0,3,0,1,NA,NA,NA,NA,"G127","G"
"255","UCL","2014-2015","R16","1",2015-02-25,"Arsenal FC","AS Monaco",1,3,0,1,NA,NA,NA,NA,"G128","G"
"256","UCL","2014-2015","R16","2",2015-03-17,"AS Monaco","Arsenal FC",0,2,0,1,NA,NA,NA,NA,"G128","G"
"257","UCL","2015-2016","R16","1",2016-02-16,"Paris Saint-Germain","Chelsea FC",2,1,1,1,NA,NA,NA,NA,"G129","G"
"258","UCL","2015-2016","R16","2",2016-03-09,"Chelsea FC","Paris Saint-Germain",1,2,1,1,NA,NA,NA,NA,"G129","G"
"259","UCL","2015-2016","R16","1",2016-02-16,"SL Benfica","Zenit St. Petersburg",1,0,0,0,NA,NA,NA,NA,"G130","G"
"260","UCL","2015-2016","R16","2",2016-03-09,"Zenit St. Petersburg","SL Benfica",1,2,0,0,NA,NA,NA,NA,"G130","G"
"261","UCL","2015-2016","R16","1",2016-02-17,"KAA Gent","VfL Wolfsburg",2,3,0,1,NA,NA,NA,NA,"G131","G"
"262","UCL","2015-2016","R16","2",2016-03-08,"VfL Wolfsburg","KAA Gent",1,0,0,0,NA,NA,NA,NA,"G131","G"
"263","UCL","2015-2016","R16","1",2016-02-17,"AS Roma","Real Madrid",0,2,0,0,NA,NA,NA,NA,"G132","G"
"264","UCL","2015-2016","R16","2",2016-03-08,"Real Madrid","AS Roma",2,0,0,0,NA,NA,NA,NA,"G132","G"
"265","UCL","2015-2016","R16","1",2016-02-23,"Arsenal FC","FC Barcelona",0,2,0,0,NA,NA,NA,NA,"G133","G"
"266","UCL","2015-2016","R16","2",2016-03-16,"FC Barcelona","Arsenal FC",3,1,1,0,NA,NA,NA,NA,"G133","G"
"267","UCL","2015-2016","R16","1",2016-02-24,"Dinamo Kiev","Manchester City",1,3,0,2,NA,NA,NA,NA,"G134","G"
"268","UCL","2015-2016","R16","2",2016-03-15,"Manchester City","Dinamo Kiev",0,0,0,0,NA,NA,NA,NA,"G134","G"
"269","UCL","2016-2017","R16","1",2017-02-14,"SL Benfica","Borussia Dortmund",1,0,0,0,NA,NA,NA,NA,"G135","G"
"270","UCL","2016-2017","R16","2",2017-03-08,"Borussia Dortmund","SL Benfica",4,0,1,0,NA,NA,NA,NA,"G135","G"
"271","UCL","2016-2017","R16","1",2017-02-14,"Paris Saint-Germain","FC Barcelona",4,0,2,0,NA,NA,NA,NA,"G136","G"
"272","UCL","2016-2017","R16","2",2017-03-08,"FC Barcelona","Paris Saint-Germain",6,1,2,0,NA,NA,NA,NA,"G136","G"
"273","UCL","2016-2017","R16","1",2017-02-15,"Real Madrid","SSC Napoli",3,1,1,1,NA,NA,NA,NA,"G137","G"
"274","UCL","2016-2017","R16","2",2017-03-07,"SSC Napoli","Real Madrid",1,3,1,0,NA,NA,NA,NA,"G137","G"
"275","UCL","2016-2017","R16","1",2017-02-15,"Bayern München","Arsenal FC",5,1,1,1,NA,NA,NA,NA,"G138","G"
"276","UCL","2016-2017","R16","2",2017-03-07,"Arsenal FC","Bayern München",1,5,1,0,NA,NA,NA,NA,"G138","G"
"277","UCL","2016-2017","R16","1",2017-02-21,"Manchester City","AS Monaco",5,3,1,2,NA,NA,NA,NA,"G139","G"
"278","UCL","2016-2017","R16","2",2017-03-15,"AS Monaco","Manchester City",3,1,2,0,NA,NA,NA,NA,"G139","G"
"279","UCL","2016-2017","R16","1",2017-02-21,"Bayer Leverkusen","Atlético Madrid",2,4,0,2,NA,NA,NA,NA,"G140","G"
"280","UCL","2016-2017","R16","2",2017-03-15,"Atlético Madrid","Bayer Leverkusen",0,0,0,0,NA,NA,NA,NA,"G140","G"
"281","UCL","2016-2017","R16","1",2017-02-22,"FC Porto","Juventus",0,2,0,0,NA,NA,NA,NA,"G141","G"
"282","UCL","2016-2017","R16","2",2017-03-14,"Juventus","FC Porto",1,0,1,0,NA,NA,NA,NA,"G141","G"
"283","UCL","2016-2017","R16","1",2017-02-22,"Sevilla FC","Leicester City",2,1,1,0,NA,NA,NA,NA,"G142","G"
"284","UCL","2016-2017","R16","2",2017-03-14,"Leicester City","Sevilla FC",2,0,1,0,NA,NA,NA,NA,"G142","G"
"285","UCL","2017-2018","R16","1",2018-02-13,"Juventus","Tottenham Hotspur",2,2,2,1,NA,NA,NA,NA,"G143","G"
"286","UCL","2017-2018","R16","2",2018-03-07,"Tottenham Hotspur","Juventus",1,2,1,0,NA,NA,NA,NA,"G143","G"
"287","UCL","2017-2018","R16","1",2018-02-13,"FC Basel","Manchester City",0,4,0,3,NA,NA,NA,NA,"G144","G"
"288","UCL","2017-2018","R16","2",2018-03-07,"Manchester City","FC Basel",1,2,1,1,NA,NA,NA,NA,"G144","G"
"289","UCL","2017-2018","R16","1",2018-02-14,"FC Porto","Liverpool FC",0,5,0,2,NA,NA,NA,NA,"G145","G"
"290","UCL","2017-2018","R16","2",2018-03-06,"Liverpool FC","FC Porto",0,0,0,0,NA,NA,NA,NA,"G145","G"
"291","UCL","2017-2018","R16","1",2018-02-14,"Real Madrid","Paris Saint-Germain",3,1,1,1,NA,NA,NA,NA,"G146","G"
"292","UCL","2017-2018","R16","2",2018-03-06,"Paris Saint-Germain","Real Madrid",1,2,0,0,NA,NA,NA,NA,"G146","G"
"293","UCL","2017-2018","R16","1",2018-02-20,"Chelsea FC","FC Barcelona",1,1,0,0,NA,NA,NA,NA,"G147","G"
"294","UCL","2017-2018","R16","2",2018-03-14,"FC Barcelona","Chelsea FC",3,0,2,0,NA,NA,NA,NA,"G147","G"
"295","UCL","2017-2018","R16","1",2018-02-20,"Bayern München","Beşiktaş",5,0,1,0,NA,NA,NA,NA,"G148","G"
"296","UCL","2017-2018","R16","2",2018-03-14,"Beşiktaş","Bayern München",1,3,0,1,NA,NA,NA,NA,"G148","G"
"297","UCL","2017-2018","R16","1",2018-02-21,"Sevilla FC","Manchester United",0,0,0,0,NA,NA,NA,NA,"G149","G"
"298","UCL","2017-2018","R16","2",2018-03-13,"Manchester United","Sevilla FC",1,2,0,0,NA,NA,NA,NA,"G149","G"
"299","UCL","2017-2018","R16","1",2018-02-21,"Shakhtar Donetsk","AS Roma",2,1,0,1,NA,NA,NA,NA,"G150","G"
"300","UCL","2017-2018","R16","2",2018-03-13,"AS Roma","Shakhtar Donetsk",1,0,0,0,NA,NA,NA,NA,"G150","G"
"301","UCL","2018-2019","R16","1",2019-02-12,"Manchester United","Paris Saint-Germain",0,2,0,0,NA,NA,NA,NA,"G151","G"
"302","UCL","2018-2019","R16","2",2019-03-06,"Paris Saint-Germain","Manchester United",1,3,1,2,NA,NA,NA,NA,"G151","G"
"303","UCL","2018-2019","R16","1",2019-02-13,"Tottenham Hotspur","Borussia Dortmund",3,0,0,0,NA,NA,NA,NA,"G152","G"
"304","UCL","2018-2019","R16","2",2019-03-05,"Borussia Dortmund","Tottenham Hotspur",0,1,0,0,NA,NA,NA,NA,"G152","G"
"305","UCL","2018-2019","R16","1",2019-02-13,"AFC Ajax","Real Madrid",1,2,0,0,NA,NA,NA,NA,"G153","G"
"306","UCL","2018-2019","R16","2",2019-03-05,"Real Madrid","AFC Ajax",1,4,0,2,NA,NA,NA,NA,"G153","G"
"307","UCL","2018-2019","R16","1",2019-02-19,"Olympique Lyon","FC Barcelona",0,0,0,0,NA,NA,NA,NA,"G154","G"
"308","UCL","2018-2019","R16","2",2019-03-13,"FC Barcelona","Olympique Lyon",5,1,2,0,NA,NA,NA,NA,"G154","G"
"309","UCL","2018-2019","R16","1",2019-02-19,"Liverpool FC","Bayern München",0,0,0,0,NA,NA,NA,NA,"G155","G"
"310","UCL","2018-2019","R16","2",2019-03-13,"Bayern München","Liverpool FC",1,3,1,1,NA,NA,NA,NA,"G155","G"
"311","UCL","2018-2019","R16","1",2019-02-20,"FC Schalke 04","Manchester City",2,3,2,1,NA,NA,NA,NA,"G156","G"
"312","UCL","2018-2019","R16","2",2019-03-12,"Manchester City","FC Schalke 04",7,0,3,0,NA,NA,NA,NA,"G156","G"
"313","UCL","2018-2019","R16","1",2019-02-20,"Atlético Madrid","Juventus",2,0,0,0,NA,NA,NA,NA,"G157","G"
"314","UCL","2018-2019","R16","2",2019-03-12,"Juventus","Atlético Madrid",3,0,1,0,NA,NA,NA,NA,"G157","G"
"315","UCL","2007-2008","R8","1",2008-04-01,"AS Roma","Manchester United",0,2,0,1,NA,NA,NA,NA,"G158","G"
"316","UCL","2007-2008","R8","2",2008-04-09,"Manchester United","AS Roma",1,0,0,0,NA,NA,NA,NA,"G158","G"
"317","UCL","2007-2008","R8","1",2008-04-01,"FC Schalke 04","FC Barcelona",0,1,0,1,NA,NA,NA,NA,"G159","G"
"318","UCL","2007-2008","R8","2",2008-04-09,"FC Barcelona","FC Schalke 04",1,0,1,0,NA,NA,NA,NA,"G159","G"
"319","UCL","2007-2008","R8","1",2008-04-02,"Arsenal FC","Liverpool FC",1,1,1,1,NA,NA,NA,NA,"G160","G"
"320","UCL","2007-2008","R8","2",2008-04-08,"Liverpool FC","Arsenal FC",4,2,1,1,NA,NA,NA,NA,"G160","G"
"321","UCL","2007-2008","R8","1",2008-04-02,"Fenerbahçe","Chelsea FC",2,1,0,1,NA,NA,NA,NA,"G161","G"
"322","UCL","2007-2008","R8","2",2008-04-08,"Chelsea FC","Fenerbahçe",2,0,1,0,NA,NA,NA,NA,"G161","G"
"323","UCL","2008-2009","R8","1",2009-04-07,"Villarreal CF","Arsenal FC",1,1,1,0,NA,NA,NA,NA,"G162","G"
"324","UCL","2008-2009","R8","2",2009-04-15,"Arsenal FC","Villarreal CF",3,0,1,0,NA,NA,NA,NA,"G162","G"
"325","UCL","2008-2009","R8","1",2009-04-07,"Manchester United","FC Porto",2,2,1,1,NA,NA,NA,NA,"G163","G"
"326","UCL","2008-2009","R8","2",2009-04-15,"FC Porto","Manchester United",0,1,0,1,NA,NA,NA,NA,"G163","G"
"327","UCL","2008-2009","R8","1",2009-04-08,"Liverpool FC","Chelsea FC",1,3,1,1,NA,NA,NA,NA,"G164","G"
"328","UCL","2008-2009","R8","2",2009-04-14,"Chelsea FC","Liverpool FC",4,4,0,2,NA,NA,NA,NA,"G164","G"
"329","UCL","2008-2009","R8","1",2009-04-08,"FC Barcelona","Bayern München",4,0,4,0,NA,NA,NA,NA,"G165","G"
"330","UCL","2008-2009","R8","2",2009-04-14,"Bayern München","FC Barcelona",1,1,0,0,NA,NA,NA,NA,"G165","G"
"331","UCL","2009-2010","R8","1",2010-03-30,"Olympique Lyon","Girondins Bordeaux",3,1,2,1,NA,NA,NA,NA,"G166","G"
"332","UCL","2009-2010","R8","2",2010-04-07,"Girondins Bordeaux","Olympique Lyon",1,0,1,0,NA,NA,NA,NA,"G166","G"
"333","UCL","2009-2010","R8","1",2010-03-30,"Bayern München","Manchester United",2,1,0,1,NA,NA,NA,NA,"G167","G"
"334","UCL","2009-2010","R8","2",2010-04-07,"Manchester United","Bayern München",3,2,3,1,NA,NA,NA,NA,"G167","G"
"335","UCL","2009-2010","R8","1",2010-03-31,"Arsenal FC","FC Barcelona",2,2,0,0,NA,NA,NA,NA,"G168","G"
"336","UCL","2009-2010","R8","2",2010-04-06,"FC Barcelona","Arsenal FC",4,1,3,1,NA,NA,NA,NA,"G168","G"
"337","UCL","2009-2010","R8","1",2010-03-31,"Inter","CSKA Moskva",1,0,0,0,NA,NA,NA,NA,"G169","G"
"338","UCL","2009-2010","R8","2",2010-04-06,"CSKA Moskva","Inter",0,1,0,1,NA,NA,NA,NA,"G169","G"
"339","UCL","2010-2011","R8","1",2011-04-05,"Real Madrid","Tottenham Hotspur",4,0,1,0,NA,NA,NA,NA,"G170","G"
"340","UCL","2010-2011","R8","2",2011-04-13,"Tottenham Hotspur","Real Madrid",0,1,0,0,NA,NA,NA,NA,"G170","G"
"341","UCL","2010-2011","R8","1",2011-04-05,"Inter","FC Schalke 04",2,5,2,2,NA,NA,NA,NA,"G171","G"
"342","UCL","2010-2011","R8","2",2011-04-13,"FC Schalke 04","Inter",2,1,1,0,NA,NA,NA,NA,"G171","G"
"343","UCL","2010-2011","R8","1",2011-04-06,"Chelsea FC","Manchester United",0,1,0,1,NA,NA,NA,NA,"G172","G"
"344","UCL","2010-2011","R8","2",2011-04-12,"Manchester United","Chelsea FC",2,1,1,0,NA,NA,NA,NA,"G172","G"
"345","UCL","2010-2011","R8","1",2011-04-06,"FC Barcelona","Shakhtar Donetsk",5,1,2,0,NA,NA,NA,NA,"G173","G"
"346","UCL","2010-2011","R8","2",2011-04-12,"Shakhtar Donetsk","FC Barcelona",0,1,0,1,NA,NA,NA,NA,"G173","G"
"347","UCL","2011-2012","R8","1",2012-03-27,"APOEL Nikosia","Real Madrid",0,3,0,0,NA,NA,NA,NA,"G174","G"
"348","UCL","2011-2012","R8","2",2012-04-04,"Real Madrid","APOEL Nikosia",5,2,2,0,NA,NA,NA,NA,"G174","G"
"349","UCL","2011-2012","R8","1",2012-03-27,"SL Benfica","Chelsea FC",0,1,0,0,NA,NA,NA,NA,"G175","G"
"350","UCL","2011-2012","R8","2",2012-04-04,"Chelsea FC","SL Benfica",2,1,1,0,NA,NA,NA,NA,"G175","G"
"351","UCL","2011-2012","R8","1",2012-03-28,"Olympique Marseille","Bayern München",0,2,0,1,NA,NA,NA,NA,"G176","G"
"352","UCL","2011-2012","R8","2",2012-04-03,"Bayern München","Olympique Marseille",2,0,2,0,NA,NA,NA,NA,"G176","G"
"353","UCL","2011-2012","R8","1",2012-03-28,"AC Milan","FC Barcelona",0,0,0,0,NA,NA,NA,NA,"G177","G"
"354","UCL","2011-2012","R8","2",2012-04-03,"FC Barcelona","AC Milan",3,1,2,1,NA,NA,NA,NA,"G177","G"
"355","UCL","2012-2013","R8","1",2013-04-02,"Paris Saint-Germain","FC Barcelona",2,2,0,1,NA,NA,NA,NA,"G178","G"
"356","UCL","2012-2013","R8","2",2013-04-10,"FC Barcelona","Paris Saint-Germain",1,1,0,0,NA,NA,NA,NA,"G178","G"
"357","UCL","2012-2013","R8","1",2013-04-02,"Bayern München","Juventus",2,0,1,0,NA,NA,NA,NA,"G179","G"
"358","UCL","2012-2013","R8","2",2013-04-10,"Juventus","Bayern München",0,2,0,0,NA,NA,NA,NA,"G179","G"
"359","UCL","2012-2013","R8","1",2013-04-03,"Málaga CF","Borussia Dortmund",0,0,0,0,NA,NA,NA,NA,"G180","G"
"360","UCL","2012-2013","R8","2",2013-04-09,"Borussia Dortmund","Málaga CF",3,2,1,1,NA,NA,NA,NA,"G180","G"
"361","UCL","2012-2013","R8","1",2013-04-03,"Real Madrid","Galatasaray",3,0,2,0,NA,NA,NA,NA,"G181","G"
"362","UCL","2012-2013","R8","2",2013-04-09,"Galatasaray","Real Madrid",3,2,0,1,NA,NA,NA,NA,"G181","G"
"363","UCL","2013-2014","R8","1",2014-04-01,"FC Barcelona","Atlético Madrid",1,1,0,0,NA,NA,NA,NA,"G182","G"
"364","UCL","2013-2014","R8","2",2014-04-09,"Atlético Madrid","FC Barcelona",1,0,1,0,NA,NA,NA,NA,"G182","G"
"365","UCL","2013-2014","R8","1",2014-04-01,"Manchester United","Bayern München",1,1,0,0,NA,NA,NA,NA,"G183","G"
"366","UCL","2013-2014","R8","2",2014-04-09,"Bayern München","Manchester United",3,1,0,0,NA,NA,NA,NA,"G183","G"
"367","UCL","2013-2014","R8","1",2014-04-02,"Real Madrid","Borussia Dortmund",3,0,2,0,NA,NA,NA,NA,"G184","G"
"368","UCL","2013-2014","R8","2",2014-04-08,"Borussia Dortmund","Real Madrid",2,0,2,0,NA,NA,NA,NA,"G184","G"
"369","UCL","2013-2014","R8","1",2014-04-02,"Paris Saint-Germain","Chelsea FC",3,1,1,1,NA,NA,NA,NA,"G185","G"
"370","UCL","2013-2014","R8","2",2014-04-08,"Chelsea FC","Paris Saint-Germain",2,0,1,0,NA,NA,NA,NA,"G185","G"
"371","UCL","2014-2015","R8","1",2015-04-14,"Atlético Madrid","Real Madrid",0,0,0,0,NA,NA,NA,NA,"G186","G"
"372","UCL","2014-2015","R8","2",2015-04-22,"Real Madrid","Atlético Madrid",1,0,0,0,NA,NA,NA,NA,"G186","G"
"373","UCL","2014-2015","R8","1",2015-04-14,"Juventus","AS Monaco",1,0,0,0,NA,NA,NA,NA,"G187","G"
"374","UCL","2014-2015","R8","2",2015-04-22,"AS Monaco","Juventus",0,0,0,0,NA,NA,NA,NA,"G187","G"
"375","UCL","2014-2015","R8","1",2015-04-15,"Paris Saint-Germain","FC Barcelona",1,3,0,1,NA,NA,NA,NA,"G188","G"
"376","UCL","2014-2015","R8","2",2015-04-21,"FC Barcelona","Paris Saint-Germain",2,0,2,0,NA,NA,NA,NA,"G188","G"
"377","UCL","2014-2015","R8","1",2015-04-15,"FC Porto","Bayern München",3,1,2,1,NA,NA,NA,NA,"G189","G"
"378","UCL","2014-2015","R8","2",2015-04-21,"Bayern München","FC Porto",6,1,5,0,NA,NA,NA,NA,"G189","G"
"379","UCL","2015-2016","R8","1",2016-04-05,"Bayern München","SL Benfica",1,0,1,0,NA,NA,NA,NA,"G190","G"
"380","UCL","2015-2016","R8","2",2016-04-13,"SL Benfica","Bayern München",2,2,1,1,NA,NA,NA,NA,"G190","G"
"381","UCL","2015-2016","R8","1",2016-04-05,"FC Barcelona","Atlético Madrid",2,1,0,1,NA,NA,NA,NA,"G191","G"
"382","UCL","2015-2016","R8","2",2016-04-13,"Atlético Madrid","FC Barcelona",2,0,1,0,NA,NA,NA,NA,"G191","G"
"383","UCL","2015-2016","R8","1",2016-04-06,"VfL Wolfsburg","Real Madrid",2,0,2,0,NA,NA,NA,NA,"G192","G"
"384","UCL","2015-2016","R8","2",2016-04-12,"Real Madrid","VfL Wolfsburg",3,0,2,0,NA,NA,NA,NA,"G192","G"
"385","UCL","2015-2016","R8","1",2016-04-06,"Paris Saint-Germain","Manchester City",2,2,1,1,NA,NA,NA,NA,"G193","G"
"386","UCL","2015-2016","R8","2",2016-04-12,"Manchester City","Paris Saint-Germain",1,0,0,0,NA,NA,NA,NA,"G193","G"
"387","UCL","2016-2017","R8","1",2017-04-11,"Juventus","FC Barcelona",3,0,2,0,NA,NA,NA,NA,"G194","G"
"388","UCL","2016-2017","R8","2",2017-04-19,"FC Barcelona","Juventus",0,0,0,0,NA,NA,NA,NA,"G194","G"
"389","UCL","2016-2017","R8","1",2017-04-12,"Borussia Dortmund","AS Monaco",2,3,0,2,NA,NA,NA,NA,"G195","G"
"390","UCL","2016-2017","R8","2",2017-04-19,"AS Monaco","Borussia Dortmund",3,1,2,0,NA,NA,NA,NA,"G195","G"
"391","UCL","2016-2017","R8","1",2017-04-12,"Atlético Madrid","Leicester City",1,0,1,0,NA,NA,NA,NA,"G196","G"
"392","UCL","2016-2017","R8","2",2017-04-18,"Leicester City","Atlético Madrid",1,1,0,1,NA,NA,NA,NA,"G196","G"
"393","UCL","2017-2018","R8","1",2018-04-03,"Sevilla FC","Bayern München",1,2,1,1,NA,NA,NA,NA,"G197","G"
"394","UCL","2017-2018","R8","2",2018-04-11,"Bayern München","Sevilla FC",0,0,0,0,NA,NA,NA,NA,"G197","G"
"395","UCL","2017-2018","R8","1",2018-04-03,"Juventus","Real Madrid",0,3,0,1,NA,NA,NA,NA,"G198","G"
"396","UCL","2017-2018","R8","2",2018-04-11,"Real Madrid","Juventus",1,3,0,2,NA,NA,NA,NA,"G198","G"
"397","UCL","2017-2018","R8","1",2018-04-04,"FC Barcelona","AS Roma",4,1,1,0,NA,NA,NA,NA,"G199","G"
"398","UCL","2017-2018","R8","2",2018-04-10,"AS Roma","FC Barcelona",3,0,1,0,NA,NA,NA,NA,"G199","G"
"399","UCL","2017-2018","R8","1",2018-04-04,"Liverpool FC","Manchester City",3,0,3,0,NA,NA,NA,NA,"G200","G"
"400","UCL","2017-2018","R8","2",2018-04-10,"Manchester City","Liverpool FC",1,2,1,0,NA,NA,NA,NA,"G200","G"
"401","UCL","2018-2019","R8","1",2019-04-09,"Liverpool FC","FC Porto",2,0,2,0,NA,NA,NA,NA,"G201","G"
"402","UCL","2018-2019","R8","2",2019-04-17,"FC Porto","Liverpool FC",1,4,0,1,NA,NA,NA,NA,"G201","G"
"403","UCL","2018-2019","R8","1",2019-04-09,"Tottenham Hotspur","Manchester City",1,0,0,0,NA,NA,NA,NA,"G202","G"
"404","UCL","2018-2019","R8","2",2019-04-17,"Manchester City","Tottenham Hotspur",4,3,3,2,NA,NA,NA,NA,"G202","G"
"405","UCL","2018-2019","R8","1",2019-04-10,"AFC Ajax","Juventus",1,1,0,1,NA,NA,NA,NA,"G203","G"
"406","UCL","2018-2019","R8","2",2019-04-16,"Juventus","AFC Ajax",1,2,1,1,NA,NA,NA,NA,"G203","G"
"407","UCL","2018-2019","R8","1",2019-04-10,"Manchester United","FC Barcelona",0,1,0,1,NA,NA,NA,NA,"G204","G"
"408","UCL","2018-2019","R8","2",2019-04-16,"FC Barcelona","Manchester United",3,0,2,0,NA,NA,NA,NA,"G204","G"
"409","UCL","2007-2008","R4","1",2008-04-23,"FC Barcelona","Manchester United",0,0,0,0,NA,NA,NA,NA,"G205","G"
"410","UCL","2007-2008","R4","2",2008-04-29,"Manchester United","FC Barcelona",1,0,1,0,NA,NA,NA,NA,"G205","G"
"411","UCL","2008-2009","R4","1",2009-04-28,"FC Barcelona","Chelsea FC",0,0,0,0,NA,NA,NA,NA,"G206","G"
"412","UCL","2008-2009","R4","2",2009-05-06,"Chelsea FC","FC Barcelona",1,1,1,0,NA,NA,NA,NA,"G206","G"
"413","UCL","2008-2009","R4","1",2009-04-29,"Manchester United","Arsenal FC",1,0,1,0,NA,NA,NA,NA,"G207","G"
"414","UCL","2008-2009","R4","2",2009-05-05,"Arsenal FC","Manchester United",1,3,0,2,NA,NA,NA,NA,"G207","G"
"415","UCL","2009-2010","R4","1",2010-04-20,"Inter","FC Barcelona",3,1,1,1,NA,NA,NA,NA,"G208","G"
"416","UCL","2009-2010","R4","2",2010-04-28,"FC Barcelona","Inter",1,0,0,0,NA,NA,NA,NA,"G208","G"
"417","UCL","2009-2010","R4","1",2010-04-21,"Bayern München","Olympique Lyon",1,0,0,0,NA,NA,NA,NA,"G209","G"
"418","UCL","2009-2010","R4","2",2010-04-27,"Olympique Lyon","Bayern München",0,3,0,1,NA,NA,NA,NA,"G209","G"
"419","UCL","2010-2011","R4","1",2011-04-26,"FC Schalke 04","Manchester United",0,2,0,0,NA,NA,NA,NA,"G210","G"
"420","UCL","2010-2011","R4","2",2011-05-04,"Manchester United","FC Schalke 04",4,1,2,1,NA,NA,NA,NA,"G210","G"
"421","UCL","2010-2011","R4","1",2011-04-27,"Real Madrid","FC Barcelona",0,2,0,0,NA,NA,NA,NA,"G211","G"
"422","UCL","2010-2011","R4","2",2011-05-03,"FC Barcelona","Real Madrid",1,1,0,0,NA,NA,NA,NA,"G211","G"
"423","UCL","2011-2012","R4","1",2012-04-18,"Chelsea FC","FC Barcelona",1,0,1,0,NA,NA,NA,NA,"G212","G"
"424","UCL","2011-2012","R4","2",2012-04-24,"FC Barcelona","Chelsea FC",2,2,2,1,NA,NA,NA,NA,"G212","G"
"425","UCL","2012-2013","R4","1",2013-04-23,"Bayern München","FC Barcelona",4,0,1,0,NA,NA,NA,NA,"G213","G"
"426","UCL","2012-2013","R4","2",2013-05-01,"FC Barcelona","Bayern München",0,3,0,0,NA,NA,NA,NA,"G213","G"
"427","UCL","2012-2013","R4","1",2013-04-24,"Borussia Dortmund","Real Madrid",4,1,1,1,NA,NA,NA,NA,"G214","G"
"428","UCL","2012-2013","R4","2",2013-04-30,"Real Madrid","Borussia Dortmund",2,0,0,0,NA,NA,NA,NA,"G214","G"
"429","UCL","2013-2014","R4","1",2014-04-22,"Atlético Madrid","Chelsea FC",0,0,0,0,NA,NA,NA,NA,"G215","G"
"430","UCL","2013-2014","R4","2",2014-04-30,"Chelsea FC","Atlético Madrid",1,3,1,1,NA,NA,NA,NA,"G215","G"
"431","UCL","2013-2014","R4","1",2014-04-23,"Real Madrid","Bayern München",1,0,1,0,NA,NA,NA,NA,"G216","G"
"432","UCL","2013-2014","R4","2",2014-04-29,"Bayern München","Real Madrid",0,4,0,3,NA,NA,NA,NA,"G216","G"
"433","UCL","2014-2015","R4","1",2015-05-05,"Juventus","Real Madrid",2,1,1,1,NA,NA,NA,NA,"G217","G"
"434","UCL","2014-2015","R4","2",2015-05-13,"Real Madrid","Juventus",1,1,1,0,NA,NA,NA,NA,"G217","G"
"435","UCL","2014-2015","R4","1",2015-05-06,"FC Barcelona","Bayern München",3,0,0,0,NA,NA,NA,NA,"G218","G"
"436","UCL","2014-2015","R4","2",2015-05-12,"Bayern München","FC Barcelona",3,2,1,2,NA,NA,NA,NA,"G218","G"
"437","UCL","2015-2016","R4","1",2016-04-26,"Manchester City","Real Madrid",0,0,0,0,NA,NA,NA,NA,"G219","G"
"438","UCL","2015-2016","R4","2",2016-05-04,"Real Madrid","Manchester City",1,0,1,0,NA,NA,NA,NA,"G219","G"
"439","UCL","2015-2016","R4","1",2016-04-27,"Atlético Madrid","Bayern München",1,0,1,0,NA,NA,NA,NA,"G220","G"
"440","UCL","2015-2016","R4","2",2016-05-03,"Bayern München","Atlético Madrid",2,1,1,0,NA,NA,NA,NA,"G220","G"
"441","UCL","2016-2017","R4","1",2017-05-02,"Real Madrid","Atlético Madrid",3,0,1,0,NA,NA,NA,NA,"G221","G"
"442","UCL","2016-2017","R4","2",2017-05-10,"Atlético Madrid","Real Madrid",2,1,2,1,NA,NA,NA,NA,"G221","G"
"443","UCL","2016-2017","R4","1",2017-05-03,"AS Monaco","Juventus",0,2,0,1,NA,NA,NA,NA,"G222","G"
"444","UCL","2016-2017","R4","2",2017-05-09,"Juventus","AS Monaco",2,1,2,0,NA,NA,NA,NA,"G222","G"
"445","UCL","2017-2018","R4","1",2018-04-24,"Liverpool FC","AS Roma",5,2,2,0,NA,NA,NA,NA,"G223","G"
"446","UCL","2017-2018","R4","2",2018-05-02,"AS Roma","Liverpool FC",4,2,1,2,NA,NA,NA,NA,"G223","G"
"447","UCL","2017-2018","R4","1",2018-04-25,"Bayern München","Real Madrid",1,2,1,1,NA,NA,NA,NA,"G224","G"
"448","UCL","2017-2018","R4","2",2018-05-01,"Real Madrid","Bayern München",2,2,1,1,NA,NA,NA,NA,"G224","G"
"449","UCL","2018-2019","R4","1",2019-04-30,"Tottenham Hotspur","AFC Ajax",0,1,0,1,NA,NA,NA,NA,"G225","G"
"450","UCL","2018-2019","R4","2",2019-05-08,"AFC Ajax","Tottenham Hotspur",2,3,2,0,NA,NA,NA,NA,"G225","G"
"451","UCL","2018-2019","R4","1",2019-05-01,"FC Barcelona","Liverpool FC",3,0,1,0,NA,NA,NA,NA,"G226","G"
"452","UCL","2018-2019","R4","2",2019-05-07,"Liverpool FC","FC Barcelona",4,0,1,0,NA,NA,NA,NA,"G226","G"
