"","COMP","SEASON","ROUND","LEG","HOMETEAM","AWAYTEAM","RESULT","DATE"
"1","UCL","2007-2008","achtelfinale","1st(1st leg)","FC Schalke 04","FC Porto","1:0 (1:0)","1st(1st leg): 19/02/2008 19:45"
"2","UCL","2007-2008","achtelfinale","2nd (2nd leg)","FC Porto","FC Schalke 04","1:4 (0:0, 1:0, 1:0) pso","2nd (2nd leg): 05/03/2008 19:45"
"3","UCL","2007-2008","achtelfinale","1st(1st leg)","Liverpool FC","Inter","2:0 (0:0)","1st(1st leg): 19/02/2008 19:45"
"4","UCL","2007-2008","achtelfinale","2nd (2nd leg)","Inter","Liverpool FC","0:1 (0:0)","2nd (2nd leg): 11/03/2008 19:45"
"5","UCL","2007-2008","achtelfinale","1st(1st leg)","AS Roma","Real Madrid","2:1 (1:1)","1st(1st leg): 19/02/2008 19:45"
"6","UCL","2007-2008","achtelfinale","2nd (2nd leg)","Real Madrid","AS Roma","1:2 (0:0)","2nd (2nd leg): 05/03/2008 19:45"
"7","UCL","2007-2008","achtelfinale","1st(1st leg)","Olympiakos Piräus","Chelsea FC","0:0 (0:0)","1st(1st leg): 19/02/2008 19:45"
"8","UCL","2007-2008","achtelfinale","2nd (2nd leg)","Chelsea FC","Olympiakos Piräus","3:0 (2:0)","2nd (2nd leg): 05/03/2008 19:45"
"9","UCL","2007-2008","achtelfinale","1st(1st leg)","Celtic FC","FC Barcelona","2:3 (2:1)","1st(1st leg): 20/02/2008 19:45"
"10","UCL","2007-2008","achtelfinale","2nd (2nd leg)","FC Barcelona","Celtic FC","1:0 (1:0)","2nd (2nd leg): 04/03/2008 19:45"
"11","UCL","2007-2008","achtelfinale","1st(1st leg)","Olympique Lyon","Manchester United","1:1 (0:0)","1st(1st leg): 20/02/2008 19:45"
"12","UCL","2007-2008","achtelfinale","2nd (2nd leg)","Manchester United","Olympique Lyon","1:0 (1:0)","2nd (2nd leg): 04/03/2008 19:45"
"13","UCL","2007-2008","achtelfinale","1st(1st leg)","Arsenal FC","AC Milan","0:0 (0:0)","1st(1st leg): 20/02/2008 19:45"
"14","UCL","2007-2008","achtelfinale","2nd (2nd leg)","AC Milan","Arsenal FC","0:2 (0:0)","2nd (2nd leg): 04/03/2008 19:45"
"15","UCL","2007-2008","achtelfinale","1st(1st leg)","Fenerbahçe","Sevilla FC","3:2 (1:1)","1st(1st leg): 20/02/2008 19:45"
"16","UCL","2007-2008","achtelfinale","2nd (2nd leg)","Sevilla FC","Fenerbahçe","2:3 (3:1, 3:2, 3:2) pso","2nd (2nd leg): 04/03/2008 19:45"
"17","UCL","2008-2009","achtelfinale","1st(1st leg)","Atlético Madrid","FC Porto","2:2 (2:1)","1st(1st leg): 24/02/2009 19:45"
"18","UCL","2008-2009","achtelfinale","2nd (2nd leg)","FC Porto","Atlético Madrid","0:0 (0:0)","2nd (2nd leg): 11/03/2009 19:45"
"19","UCL","2008-2009","achtelfinale","1st(1st leg)","Olympique Lyon","FC Barcelona","1:1 (1:0)","1st(1st leg): 24/02/2009 19:45"
"20","UCL","2008-2009","achtelfinale","2nd (2nd leg)","FC Barcelona","Olympique Lyon","5:2 (4:1)","2nd (2nd leg): 11/03/2009 19:45"
"21","UCL","2008-2009","achtelfinale","1st(1st leg)","Arsenal FC","AS Roma","1:0 (1:0)","1st(1st leg): 24/02/2009 19:45"
"22","UCL","2008-2009","achtelfinale","2nd (2nd leg)","AS Roma","Arsenal FC","6:7 (1:0, 1:0, 1:0) pso","2nd (2nd leg): 11/03/2009 19:45"
"23","UCL","2008-2009","achtelfinale","1st(1st leg)","Inter","Manchester United","0:0 (0:0)","1st(1st leg): 24/02/2009 19:45"
"24","UCL","2008-2009","achtelfinale","2nd (2nd leg)","Manchester United","Inter","2:0 (1:0)","2nd (2nd leg): 11/03/2009 19:45"
"25","UCL","2008-2009","achtelfinale","1st(1st leg)","Chelsea FC","Juventus","1:0 (1:0)","1st(1st leg): 25/02/2009 19:45"
"26","UCL","2008-2009","achtelfinale","2nd (2nd leg)","Juventus","Chelsea FC","2:2 (1:1)","2nd (2nd leg): 10/03/2009 19:45"
"27","UCL","2008-2009","achtelfinale","1st(1st leg)","Villarreal CF","Panathinaikos","1:1 (0:0)","1st(1st leg): 25/02/2009 19:45"
"28","UCL","2008-2009","achtelfinale","2nd (2nd leg)","Panathinaikos","Villarreal CF","1:2 (0:0)","2nd (2nd leg): 10/03/2009 19:45"
"29","UCL","2008-2009","achtelfinale","1st(1st leg)","Sporting CP","Bayern München","0:5 (0:1)","1st(1st leg): 25/02/2009 19:45"
"30","UCL","2008-2009","achtelfinale","2nd (2nd leg)","Bayern München","Sporting CP","7:1 (4:1)","2nd (2nd leg): 10/03/2009 19:45"
"31","UCL","2008-2009","achtelfinale","1st(1st leg)","Real Madrid","Liverpool FC","0:1 (0:0)","1st(1st leg): 25/02/2009 19:45"
"32","UCL","2008-2009","achtelfinale","2nd (2nd leg)","Liverpool FC","Real Madrid","4:0 (2:0)","2nd (2nd leg): 10/03/2009 19:45"
"33","UCL","2009-2010","achtelfinale","1st(1st leg)","Olympique Lyon","Real Madrid","1:0 (0:0)","1st(1st leg): 16/02/2010 19:45"
"34","UCL","2009-2010","achtelfinale","2nd (2nd leg)","Real Madrid","Olympique Lyon","1:1 (1:0)","2nd (2nd leg): 10/03/2010 19:45"
"35","UCL","2009-2010","achtelfinale","1st(1st leg)","AC Milan","Manchester United","2:3 (1:1)","1st(1st leg): 16/02/2010 19:45"
"36","UCL","2009-2010","achtelfinale","2nd (2nd leg)","Manchester United","AC Milan","4:0 (1:0)","2nd (2nd leg): 10/03/2010 19:45"
"37","UCL","2009-2010","achtelfinale","1st(1st leg)","Bayern München","ACF Fiorentina","2:1 (1:0)","1st(1st leg): 17/02/2010 19:45"
"38","UCL","2009-2010","achtelfinale","2nd (2nd leg)","ACF Fiorentina","Bayern München","3:2 (1:0)","2nd (2nd leg): 09/03/2010 19:45"
"39","UCL","2009-2010","achtelfinale","1st(1st leg)","FC Porto","Arsenal FC","2:1 (1:1)","1st(1st leg): 17/02/2010 19:45"
"40","UCL","2009-2010","achtelfinale","2nd (2nd leg)","Arsenal FC","FC Porto","5:0 (2:0)","2nd (2nd leg): 09/03/2010 19:45"
"41","UCL","2009-2010","achtelfinale","1st(1st leg)","VfB Stuttgart","FC Barcelona","1:1 (1:0)","1st(1st leg): 23/02/2010 19:45"
"42","UCL","2009-2010","achtelfinale","2nd (2nd leg)","FC Barcelona","VfB Stuttgart","4:0 (2:0)","2nd (2nd leg): 17/03/2010 19:45"
"43","UCL","2009-2010","achtelfinale","1st(1st leg)","Olympiakos Piräus","Girondins Bordeaux","0:1 (0:1)","1st(1st leg): 23/02/2010 19:45"
"44","UCL","2009-2010","achtelfinale","2nd (2nd leg)","Girondins Bordeaux","Olympiakos Piräus","2:1 (1:0)","2nd (2nd leg): 17/03/2010 19:45"
"45","UCL","2009-2010","achtelfinale","1st(1st leg)","CSKA Moskva","Sevilla FC","1:1 (0:1)","1st(1st leg): 24/02/2010 17:30"
"46","UCL","2009-2010","achtelfinale","2nd (2nd leg)","Sevilla FC","CSKA Moskva","1:2 (1:1)","2nd (2nd leg): 16/03/2010 19:45"
"47","UCL","2009-2010","achtelfinale","1st(1st leg)","Inter","Chelsea FC","2:1 (1:0)","1st(1st leg): 24/02/2010 19:45"
"48","UCL","2009-2010","achtelfinale","2nd (2nd leg)","Chelsea FC","Inter","0:1 (0:0)","2nd (2nd leg): 16/03/2010 19:45"
"49","UCL","2010-2011","achtelfinale","1st(1st leg)","AC Milan","Tottenham Hotspur","0:1 (0:0)","1st(1st leg): 15/02/2011 19:45"
"50","UCL","2010-2011","achtelfinale","2nd (2nd leg)","Tottenham Hotspur","AC Milan","0:0 (0:0)","2nd (2nd leg): 09/03/2011 19:45"
"51","UCL","2010-2011","achtelfinale","1st(1st leg)","Valencia CF","FC Schalke 04","1:1 (1:0)","1st(1st leg): 15/02/2011 19:45"
"52","UCL","2010-2011","achtelfinale","2nd (2nd leg)","FC Schalke 04","Valencia CF","3:1 (1:1)","2nd (2nd leg): 09/03/2011 19:45"
"53","UCL","2010-2011","achtelfinale","1st(1st leg)","AS Roma","Shakhtar Donetsk","2:3 (1:3)","1st(1st leg): 16/02/2011 19:45"
"54","UCL","2010-2011","achtelfinale","2nd (2nd leg)","Shakhtar Donetsk","AS Roma","3:0 (1:0)","2nd (2nd leg): 08/03/2011 19:45"
"55","UCL","2010-2011","achtelfinale","1st(1st leg)","Arsenal FC","FC Barcelona","2:1 (0:1)","1st(1st leg): 16/02/2011 19:45"
"56","UCL","2010-2011","achtelfinale","2nd (2nd leg)","FC Barcelona","Arsenal FC","3:1 (1:0)","2nd (2nd leg): 08/03/2011 19:45"
"57","UCL","2010-2011","achtelfinale","1st(1st leg)","Olympique Lyon","Real Madrid","1:1 (0:0)","1st(1st leg): 22/02/2011 19:45"
"58","UCL","2010-2011","achtelfinale","2nd (2nd leg)","Real Madrid","Olympique Lyon","3:0 (1:0)","2nd (2nd leg): 16/03/2011 19:45"
"59","UCL","2010-2011","achtelfinale","1st(1st leg)","FC København","Chelsea FC","0:2 (0:1)","1st(1st leg): 22/02/2011 19:45"
"60","UCL","2010-2011","achtelfinale","2nd (2nd leg)","Chelsea FC","FC København","0:0 (0:0)","2nd (2nd leg): 16/03/2011 19:45"
"61","UCL","2010-2011","achtelfinale","1st(1st leg)","Inter","Bayern München","0:1 (0:0)","1st(1st leg): 23/02/2011 19:45"
"62","UCL","2010-2011","achtelfinale","2nd (2nd leg)","Bayern München","Inter","2:3 (2:1)","2nd (2nd leg): 15/03/2011 19:45"
"63","UCL","2010-2011","achtelfinale","1st(1st leg)","Olympique Marseille","Manchester United","0:0 (0:0)","1st(1st leg): 23/02/2011 19:45"
"64","UCL","2010-2011","achtelfinale","2nd (2nd leg)","Manchester United","Olympique Marseille","2:1 (1:0)","2nd (2nd leg): 15/03/2011 19:45"
"65","UCL","2011-2012","achtelfinale","1st(1st leg)","Olympique Lyon","APOEL Nikosia","1:0 (0:0)","1st(1st leg): 14/02/2012 19:45"
"66","UCL","2011-2012","achtelfinale","2nd (2nd leg)","APOEL Nikosia","Olympique Lyon","4:3 (1:0, 1:0, 1:0) pso","2nd (2nd leg): 07/03/2012 19:45"
"67","UCL","2011-2012","achtelfinale","1st(1st leg)","Bayer Leverkusen","FC Barcelona","1:3 (0:1)","1st(1st leg): 14/02/2012 19:45"
"68","UCL","2011-2012","achtelfinale","2nd (2nd leg)","FC Barcelona","Bayer Leverkusen","7:1 (2:0)","2nd (2nd leg): 07/03/2012 19:45"
"69","UCL","2011-2012","achtelfinale","1st(1st leg)","Zenit St. Petersburg","SL Benfica","3:2 (1:1)","1st(1st leg): 15/02/2012 17:00"
"70","UCL","2011-2012","achtelfinale","2nd (2nd leg)","SL Benfica","Zenit St. Petersburg","2:0 (1:0)","2nd (2nd leg): 06/03/2012 19:45"
"71","UCL","2011-2012","achtelfinale","1st(1st leg)","AC Milan","Arsenal FC","4:0 (2:0)","1st(1st leg): 15/02/2012 19:45"
"72","UCL","2011-2012","achtelfinale","2nd (2nd leg)","Arsenal FC","AC Milan","3:0 (3:0)","2nd (2nd leg): 06/03/2012 19:45"
"73","UCL","2011-2012","achtelfinale","1st(1st leg)","CSKA Moskva","Real Madrid","1:1 (0:1)","1st(1st leg): 21/02/2012 17:00"
"74","UCL","2011-2012","achtelfinale","2nd (2nd leg)","Real Madrid","CSKA Moskva","4:1 (1:0)","2nd (2nd leg): 14/03/2012 19:45"
"75","UCL","2011-2012","achtelfinale","1st(1st leg)","SSC Napoli","Chelsea FC","3:1 (2:1)","1st(1st leg): 21/02/2012 19:45"
"76","UCL","2011-2012","achtelfinale","2nd (2nd leg)","Chelsea FC","SSC Napoli","4:1 (1:0, 3:1) aet","2nd (2nd leg): 14/03/2012 19:45"
"77","UCL","2011-2012","achtelfinale","1st(1st leg)","FC Basel","Bayern München","1:0 (0:0)","1st(1st leg): 22/02/2012 19:45"
"78","UCL","2011-2012","achtelfinale","2nd (2nd leg)","Bayern München","FC Basel","7:0 (3:0)","2nd (2nd leg): 13/03/2012 19:45"
"79","UCL","2011-2012","achtelfinale","1st(1st leg)","Olympique Marseille","Inter","1:0 (0:0)","1st(1st leg): 22/02/2012 19:45"
"80","UCL","2011-2012","achtelfinale","2nd (2nd leg)","Inter","Olympique Marseille","2:1 (0:0)","2nd (2nd leg): 13/03/2012 19:45"
"81","UCL","2012-2013","achtelfinale","1st(1st leg)","Celtic FC","Juventus","0:3 (0:1)","1st(1st leg): 12/02/2013 19:45"
"82","UCL","2012-2013","achtelfinale","2nd (2nd leg)","Juventus","Celtic FC","2:0 (1:0)","2nd (2nd leg): 06/03/2013 19:45"
"83","UCL","2012-2013","achtelfinale","1st(1st leg)","Valencia CF","Paris Saint-Germain","1:2 (0:2)","1st(1st leg): 12/02/2013 19:45"
"84","UCL","2012-2013","achtelfinale","2nd (2nd leg)","Paris Saint-Germain","Valencia CF","1:1 (0:0)","2nd (2nd leg): 06/03/2013 19:45"
"85","UCL","2012-2013","achtelfinale","1st(1st leg)","Shakhtar Donetsk","Borussia Dortmund","2:2 (1:1)","1st(1st leg): 13/02/2013 19:45"
"86","UCL","2012-2013","achtelfinale","2nd (2nd leg)","Borussia Dortmund","Shakhtar Donetsk","3:0 (2:0)","2nd (2nd leg): 05/03/2013 19:45"
"87","UCL","2012-2013","achtelfinale","1st(1st leg)","Real Madrid","Manchester United","1:1 (1:1)","1st(1st leg): 13/02/2013 19:45"
"88","UCL","2012-2013","achtelfinale","2nd (2nd leg)","Manchester United","Real Madrid","1:2 (0:0)","2nd (2nd leg): 05/03/2013 19:45"
"89","UCL","2012-2013","achtelfinale","1st(1st leg)","Arsenal FC","Bayern München","1:3 (0:2)","1st(1st leg): 19/02/2013 19:45"
"90","UCL","2012-2013","achtelfinale","2nd (2nd leg)","Bayern München","Arsenal FC","0:2 (0:1)","2nd (2nd leg): 13/03/2013 19:45"
"91","UCL","2012-2013","achtelfinale","1st(1st leg)","FC Porto","Málaga CF","1:0 (0:0)","1st(1st leg): 19/02/2013 19:45"
"92","UCL","2012-2013","achtelfinale","2nd (2nd leg)","Málaga CF","FC Porto","2:0 (1:0)","2nd (2nd leg): 13/03/2013 19:45"
"93","UCL","2012-2013","achtelfinale","1st(1st leg)","Galatasaray","FC Schalke 04","1:1 (1:1)","1st(1st leg): 20/02/2013 19:45"
"94","UCL","2012-2013","achtelfinale","2nd (2nd leg)","FC Schalke 04","Galatasaray","2:3 (1:2)","2nd (2nd leg): 12/03/2013 19:45"
"95","UCL","2012-2013","achtelfinale","1st(1st leg)","AC Milan","FC Barcelona","2:0 (0:0)","1st(1st leg): 20/02/2013 19:45"
"96","UCL","2012-2013","achtelfinale","2nd (2nd leg)","FC Barcelona","AC Milan","4:0 (2:0)","2nd (2nd leg): 12/03/2013 19:45"
"97","UCL","2013-2014","achtelfinale","1st(1st leg)","Manchester City","FC Barcelona","0:2 (0:0)","1st(1st leg): 18/02/2014 19:45"
"98","UCL","2013-2014","achtelfinale","2nd (2nd leg)","FC Barcelona","Manchester City","2:1 (0:0)","2nd (2nd leg): 12/03/2014 19:45"
"99","UCL","2013-2014","achtelfinale","1st(1st leg)","Bayer Leverkusen","Paris Saint-Germain","0:4 (0:3)","1st(1st leg): 18/02/2014 19:45"
"100","UCL","2013-2014","achtelfinale","2nd (2nd leg)","Paris Saint-Germain","Bayer Leverkusen","2:1 (1:1)","2nd (2nd leg): 12/03/2014 19:45"
"101","UCL","2013-2014","achtelfinale","1st(1st leg)","AC Milan","Atlético Madrid","0:1 (0:0)","1st(1st leg): 19/02/2014 19:45"
"102","UCL","2013-2014","achtelfinale","2nd (2nd leg)","Atlético Madrid","AC Milan","4:1 (2:1)","2nd (2nd leg): 11/03/2014 19:45"
"103","UCL","2013-2014","achtelfinale","1st(1st leg)","Arsenal FC","Bayern München","0:2 (0:0)","1st(1st leg): 19/02/2014 19:45"
"104","UCL","2013-2014","achtelfinale","2nd (2nd leg)","Bayern München","Arsenal FC","1:1 (0:0)","2nd (2nd leg): 11/03/2014 19:45"
"105","UCL","2013-2014","achtelfinale","1st(1st leg)","Zenit St. Petersburg","Borussia Dortmund","2:4 (0:2)","1st(1st leg): 25/02/2014 17:00"
"106","UCL","2013-2014","achtelfinale","2nd (2nd leg)","Borussia Dortmund","Zenit St. Petersburg","1:2 (1:1)","2nd (2nd leg): 19/03/2014 19:45"
"107","UCL","2013-2014","achtelfinale","1st(1st leg)","Olympiakos Piräus","Manchester United","2:0 (1:0)","1st(1st leg): 25/02/2014 19:45"
"108","UCL","2013-2014","achtelfinale","2nd (2nd leg)","Manchester United","Olympiakos Piräus","3:0 (2:0)","2nd (2nd leg): 19/03/2014 19:45"
"109","UCL","2013-2014","achtelfinale","1st(1st leg)","Galatasaray","Chelsea FC","1:1 (0:1)","1st(1st leg): 26/02/2014 19:45"
"110","UCL","2013-2014","achtelfinale","2nd (2nd leg)","Chelsea FC","Galatasaray","2:0 (2:0)","2nd (2nd leg): 18/03/2014 19:45"
"111","UCL","2013-2014","achtelfinale","1st(1st leg)","FC Schalke 04","Real Madrid","1:6 (0:2)","1st(1st leg): 26/02/2014 19:45"
"112","UCL","2013-2014","achtelfinale","2nd (2nd leg)","Real Madrid","FC Schalke 04","3:1 (1:1)","2nd (2nd leg): 18/03/2014 19:45"
"113","UCL","2014-2015","achtelfinale","1st(1st leg)","Paris Saint-Germain","Chelsea FC","1:1 (0:1)","1st(1st leg): 17/02/2015 19:45"
"114","UCL","2014-2015","achtelfinale","2nd (2nd leg)","Chelsea FC","Paris Saint-Germain","2:2 (0:0, 1:1) aet","2nd (2nd leg): 11/03/2015 19:45"
"115","UCL","2014-2015","achtelfinale","1st(1st leg)","Shakhtar Donetsk","Bayern München","0:0 (0:0)","1st(1st leg): 17/02/2015 19:45"
"116","UCL","2014-2015","achtelfinale","2nd (2nd leg)","Bayern München","Shakhtar Donetsk","7:0 (2:0)","2nd (2nd leg): 11/03/2015 19:45"
"117","UCL","2014-2015","achtelfinale","1st(1st leg)","FC Schalke 04","Real Madrid","0:2 (0:1)","1st(1st leg): 18/02/2015 19:45"
"118","UCL","2014-2015","achtelfinale","2nd (2nd leg)","Real Madrid","FC Schalke 04","3:4 (2:2)","2nd (2nd leg): 10/03/2015 19:45"
"119","UCL","2014-2015","achtelfinale","1st(1st leg)","FC Basel","FC Porto","1:1 (1:0)","1st(1st leg): 18/02/2015 19:45"
"120","UCL","2014-2015","achtelfinale","2nd (2nd leg)","FC Porto","FC Basel","4:0 (1:0)","2nd (2nd leg): 10/03/2015 19:45"
"121","UCL","2014-2015","achtelfinale","1st(1st leg)","Manchester City","FC Barcelona","1:2 (0:2)","1st(1st leg): 24/02/2015 19:45"
"122","UCL","2014-2015","achtelfinale","2nd (2nd leg)","FC Barcelona","Manchester City","1:0 (1:0)","2nd (2nd leg): 18/03/2015 19:45"
"123","UCL","2014-2015","achtelfinale","1st(1st leg)","Juventus","Borussia Dortmund","2:1 (2:1)","1st(1st leg): 24/02/2015 19:45"
"124","UCL","2014-2015","achtelfinale","2nd (2nd leg)","Borussia Dortmund","Juventus","0:3 (0:1)","2nd (2nd leg): 18/03/2015 19:45"
"125","UCL","2014-2015","achtelfinale","1st(1st leg)","Bayer Leverkusen","Atlético Madrid","1:0 (0:0)","1st(1st leg): 25/02/2015 19:45"
"126","UCL","2014-2015","achtelfinale","2nd (2nd leg)","Atlético Madrid","Bayer Leverkusen","3:2 (1:0, 1:0, 1:0) pso","2nd (2nd leg): 17/03/2015 19:45"
"127","UCL","2014-2015","achtelfinale","1st(1st leg)","Arsenal FC","AS Monaco","1:3 (0:1)","1st(1st leg): 25/02/2015 19:45"
"128","UCL","2014-2015","achtelfinale","2nd (2nd leg)","AS Monaco","Arsenal FC","0:2 (0:1)","2nd (2nd leg): 17/03/2015 19:45"
"129","UCL","2015-2016","achtelfinale","1st(1st leg)","Paris Saint-Germain","Chelsea FC","2:1 (1:1)","1st(1st leg): 16/02/2016 19:45"
"130","UCL","2015-2016","achtelfinale","2nd (2nd leg)","Chelsea FC","Paris Saint-Germain","1:2 (1:1)","2nd (2nd leg): 09/03/2016 19:45"
"131","UCL","2015-2016","achtelfinale","1st(1st leg)","SL Benfica","Zenit St. Petersburg","1:0 (0:0)","1st(1st leg): 16/02/2016 19:45"
"132","UCL","2015-2016","achtelfinale","2nd (2nd leg)","Zenit St. Petersburg","SL Benfica","1:2 (0:0)","2nd (2nd leg): 09/03/2016 17:00"
"133","UCL","2015-2016","achtelfinale","1st(1st leg)","KAA Gent","VfL Wolfsburg","2:3 (0:1)","1st(1st leg): 17/02/2016 19:45"
"134","UCL","2015-2016","achtelfinale","2nd (2nd leg)","VfL Wolfsburg","KAA Gent","1:0 (0:0)","2nd (2nd leg): 08/03/2016 19:45"
"135","UCL","2015-2016","achtelfinale","1st(1st leg)","AS Roma","Real Madrid","0:2 (0:0)","1st(1st leg): 17/02/2016 19:45"
"136","UCL","2015-2016","achtelfinale","2nd (2nd leg)","Real Madrid","AS Roma","2:0 (0:0)","2nd (2nd leg): 08/03/2016 19:45"
"137","UCL","2015-2016","achtelfinale","1st(1st leg)","Arsenal FC","FC Barcelona","0:2 (0:0)","1st(1st leg): 23/02/2016 19:45"
"138","UCL","2015-2016","achtelfinale","2nd (2nd leg)","FC Barcelona","Arsenal FC","3:1 (1:0)","2nd (2nd leg): 16/03/2016 19:45"
"139","UCL","2015-2016","achtelfinale","1st(1st leg)","Juventus","Bayern München","2:2 (0:1)","1st(1st leg): 23/02/2016 19:45"
"140","UCL","2015-2016","achtelfinale","2nd (2nd leg)","Bayern München","Juventus","4:2 (0:2, 2:2) aet","2nd (2nd leg): 16/03/2016 19:45"
"141","UCL","2015-2016","achtelfinale","1st(1st leg)","PSV Eindhoven","Atlético Madrid","0:0 (0:0)","1st(1st leg): 24/02/2016 19:45"
"142","UCL","2015-2016","achtelfinale","2nd (2nd leg)","Atlético Madrid","PSV Eindhoven","8:7 (0:0, 0:0, 0:0) pso","2nd (2nd leg): 15/03/2016 19:45"
"143","UCL","2015-2016","achtelfinale","1st(1st leg)","Dinamo Kiev","Manchester City","1:3 (0:2)","1st(1st leg): 24/02/2016 19:45"
"144","UCL","2015-2016","achtelfinale","2nd (2nd leg)","Manchester City","Dinamo Kiev","0:0 (0:0)","2nd (2nd leg): 15/03/2016 19:45"
"145","UCL","2016-2017","achtelfinale","1st(1st leg)","SL Benfica","Borussia Dortmund","1:0 (0:0)","1st(1st leg): 14/02/2017 19:45"
"146","UCL","2016-2017","achtelfinale","2nd (2nd leg)","Borussia Dortmund","SL Benfica","4:0 (1:0)","2nd (2nd leg): 08/03/2017 19:45"
"147","UCL","2016-2017","achtelfinale","1st(1st leg)","Paris Saint-Germain","FC Barcelona","4:0 (2:0)","1st(1st leg): 14/02/2017 19:45"
"148","UCL","2016-2017","achtelfinale","2nd (2nd leg)","FC Barcelona","Paris Saint-Germain","6:1 (2:0)","2nd (2nd leg): 08/03/2017 19:45"
"149","UCL","2016-2017","achtelfinale","1st(1st leg)","Real Madrid","SSC Napoli","3:1 (1:1)","1st(1st leg): 15/02/2017 19:45"
"150","UCL","2016-2017","achtelfinale","2nd (2nd leg)","SSC Napoli","Real Madrid","1:3 (1:0)","2nd (2nd leg): 07/03/2017 19:45"
"151","UCL","2016-2017","achtelfinale","1st(1st leg)","Bayern München","Arsenal FC","5:1 (1:1)","1st(1st leg): 15/02/2017 19:45"
"152","UCL","2016-2017","achtelfinale","2nd (2nd leg)","Arsenal FC","Bayern München","1:5 (1:0)","2nd (2nd leg): 07/03/2017 19:45"
"153","UCL","2016-2017","achtelfinale","1st(1st leg)","Manchester City","AS Monaco","5:3 (1:2)","1st(1st leg): 21/02/2017 19:45"
"154","UCL","2016-2017","achtelfinale","2nd (2nd leg)","AS Monaco","Manchester City","3:1 (2:0)","2nd (2nd leg): 15/03/2017 19:45"
"155","UCL","2016-2017","achtelfinale","1st(1st leg)","Bayer Leverkusen","Atlético Madrid","2:4 (0:2)","1st(1st leg): 21/02/2017 19:45"
"156","UCL","2016-2017","achtelfinale","2nd (2nd leg)","Atlético Madrid","Bayer Leverkusen","0:0 (0:0)","2nd (2nd leg): 15/03/2017 19:45"
"157","UCL","2016-2017","achtelfinale","1st(1st leg)","FC Porto","Juventus","0:2 (0:0)","1st(1st leg): 22/02/2017 19:45"
"158","UCL","2016-2017","achtelfinale","2nd (2nd leg)","Juventus","FC Porto","1:0 (1:0)","2nd (2nd leg): 14/03/2017 19:45"
"159","UCL","2016-2017","achtelfinale","1st(1st leg)","Sevilla FC","Leicester City","2:1 (1:0)","1st(1st leg): 22/02/2017 19:45"
"160","UCL","2016-2017","achtelfinale","2nd (2nd leg)","Leicester City","Sevilla FC","2:0 (1:0)","2nd (2nd leg): 14/03/2017 19:45"
"161","UCL","2017-2018","achtelfinale","1st(1st leg)","Juventus","Tottenham Hotspur","2:2 (2:1)","1st(1st leg): 13/02/2018 19:45"
"162","UCL","2017-2018","achtelfinale","2nd (2nd leg)","Tottenham Hotspur","Juventus","1:2 (1:0)","2nd (2nd leg): 07/03/2018 19:45"
"163","UCL","2017-2018","achtelfinale","1st(1st leg)","FC Basel","Manchester City","0:4 (0:3)","1st(1st leg): 13/02/2018 19:45"
"164","UCL","2017-2018","achtelfinale","2nd (2nd leg)","Manchester City","FC Basel","1:2 (1:1)","2nd (2nd leg): 07/03/2018 19:45"
"165","UCL","2017-2018","achtelfinale","1st(1st leg)","FC Porto","Liverpool FC","0:5 (0:2)","1st(1st leg): 14/02/2018 19:45"
"166","UCL","2017-2018","achtelfinale","2nd (2nd leg)","Liverpool FC","FC Porto","0:0 (0:0)","2nd (2nd leg): 06/03/2018 19:45"
"167","UCL","2017-2018","achtelfinale","1st(1st leg)","Real Madrid","Paris Saint-Germain","3:1 (1:1)","1st(1st leg): 14/02/2018 19:45"
"168","UCL","2017-2018","achtelfinale","2nd (2nd leg)","Paris Saint-Germain","Real Madrid","1:2 (0:0)","2nd (2nd leg): 06/03/2018 19:45"
"169","UCL","2017-2018","achtelfinale","1st(1st leg)","Chelsea FC","FC Barcelona","1:1 (0:0)","1st(1st leg): 20/02/2018 19:45"
"170","UCL","2017-2018","achtelfinale","2nd (2nd leg)","FC Barcelona","Chelsea FC","3:0 (2:0)","2nd (2nd leg): 14/03/2018 19:45"
"171","UCL","2017-2018","achtelfinale","1st(1st leg)","Bayern München","Beşiktaş","5:0 (1:0)","1st(1st leg): 20/02/2018 19:45"
"172","UCL","2017-2018","achtelfinale","2nd (2nd leg)","Beşiktaş","Bayern München","1:3 (0:1)","2nd (2nd leg): 14/03/2018 17:00"
"173","UCL","2017-2018","achtelfinale","1st(1st leg)","Sevilla FC","Manchester United","0:0 (0:0)","1st(1st leg): 21/02/2018 19:45"
"174","UCL","2017-2018","achtelfinale","2nd (2nd leg)","Manchester United","Sevilla FC","1:2 (0:0)","2nd (2nd leg): 13/03/2018 19:45"
"175","UCL","2017-2018","achtelfinale","1st(1st leg)","Shakhtar Donetsk","AS Roma","2:1 (0:1)","1st(1st leg): 21/02/2018 19:45"
"176","UCL","2017-2018","achtelfinale","2nd (2nd leg)","AS Roma","Shakhtar Donetsk","1:0 (0:0)","2nd (2nd leg): 13/03/2018 19:45"
"177","UCL","2018-2019","achtelfinale","1st(1st leg)","Manchester United","Paris Saint-Germain","0:2 (0:0)","1st(1st leg): 12/02/2019 20:00"
"178","UCL","2018-2019","achtelfinale","2nd (2nd leg)","Paris Saint-Germain","Manchester United","1:3 (1:2)","2nd (2nd leg): 06/03/2019 20:00"
"179","UCL","2018-2019","achtelfinale","1st(1st leg)","AS Roma","FC Porto","2:1 (0:0)","1st(1st leg): 12/02/2019 20:00"
"180","UCL","2018-2019","achtelfinale","2nd (2nd leg)","FC Porto","AS Roma","3:1 (1:1, 2:1) aet","2nd (2nd leg): 06/03/2019 20:00"
"181","UCL","2018-2019","achtelfinale","1st(1st leg)","Tottenham Hotspur","Borussia Dortmund","3:0 (0:0)","1st(1st leg): 13/02/2019 20:00"
"182","UCL","2018-2019","achtelfinale","2nd (2nd leg)","Borussia Dortmund","Tottenham Hotspur","0:1 (0:0)","2nd (2nd leg): 05/03/2019 20:00"
"183","UCL","2018-2019","achtelfinale","1st(1st leg)","AFC Ajax","Real Madrid","1:2 (0:0)","1st(1st leg): 13/02/2019 20:00"
"184","UCL","2018-2019","achtelfinale","2nd (2nd leg)","Real Madrid","AFC Ajax","1:4 (0:2)","2nd (2nd leg): 05/03/2019 20:00"
"185","UCL","2018-2019","achtelfinale","1st(1st leg)","Olympique Lyon","FC Barcelona","0:0 (0:0)","1st(1st leg): 19/02/2019 20:00"
"186","UCL","2018-2019","achtelfinale","2nd (2nd leg)","FC Barcelona","Olympique Lyon","5:1 (2:0)","2nd (2nd leg): 13/03/2019 20:00"
"187","UCL","2018-2019","achtelfinale","1st(1st leg)","Liverpool FC","Bayern München","0:0 (0:0)","1st(1st leg): 19/02/2019 20:00"
"188","UCL","2018-2019","achtelfinale","2nd (2nd leg)","Bayern München","Liverpool FC","1:3 (1:1)","2nd (2nd leg): 13/03/2019 20:00"
"189","UCL","2018-2019","achtelfinale","1st(1st leg)","FC Schalke 04","Manchester City","2:3 (2:1)","1st(1st leg): 20/02/2019 20:00"
"190","UCL","2018-2019","achtelfinale","2nd (2nd leg)","Manchester City","FC Schalke 04","7:0 (3:0)","2nd (2nd leg): 12/03/2019 20:00"
"191","UCL","2018-2019","achtelfinale","1st(1st leg)","Atlético Madrid","Juventus","2:0 (0:0)","1st(1st leg): 20/02/2019 20:00"
"192","UCL","2018-2019","achtelfinale","2nd (2nd leg)","Juventus","Atlético Madrid","3:0 (1:0)","2nd (2nd leg): 12/03/2019 20:00"
"193","UCL","2007-2008","viertelfinale","1st(1st leg)","AS Roma","Manchester United","0:2 (0:1)","1st(1st leg): 01/04/2008 19:45"
"194","UCL","2007-2008","viertelfinale","2nd (2nd leg)","Manchester United","AS Roma","1:0 (0:0)","2nd (2nd leg): 09/04/2008 19:45"
"195","UCL","2007-2008","viertelfinale","1st(1st leg)","FC Schalke 04","FC Barcelona","0:1 (0:1)","1st(1st leg): 01/04/2008 19:45"
"196","UCL","2007-2008","viertelfinale","2nd (2nd leg)","FC Barcelona","FC Schalke 04","1:0 (1:0)","2nd (2nd leg): 09/04/2008 19:45"
"197","UCL","2007-2008","viertelfinale","1st(1st leg)","Arsenal FC","Liverpool FC","1:1 (1:1)","1st(1st leg): 02/04/2008 19:45"
"198","UCL","2007-2008","viertelfinale","2nd (2nd leg)","Liverpool FC","Arsenal FC","4:2 (1:1)","2nd (2nd leg): 08/04/2008 19:45"
"199","UCL","2007-2008","viertelfinale","1st(1st leg)","Fenerbahçe","Chelsea FC","2:1 (0:1)","1st(1st leg): 02/04/2008 19:45"
"200","UCL","2007-2008","viertelfinale","2nd (2nd leg)","Chelsea FC","Fenerbahçe","2:0 (1:0)","2nd (2nd leg): 08/04/2008 19:45"
"201","UCL","2008-2009","viertelfinale","1st(1st leg)","Houston Dynamo","CF Atlante","1:1 (1:0)","1st(1st leg): 25/02/2009 03:00"
"202","UCL","2008-2009","viertelfinale","2nd (2nd leg)","CF Atlante","Houston Dynamo","3:0 (2:0)","2nd (2nd leg): 04/03/2009 03:00"
"203","UCL","2008-2009","viertelfinale","1st(1st leg)","Impact de Montréal","Santos Laguna","2:0 (1:0)","1st(1st leg): 26/02/2009 01:00"
"204","UCL","2008-2009","viertelfinale","2nd (2nd leg)","Santos Laguna","Impact de Montréal","5:2 (1:2)","2nd (2nd leg): 06/03/2009 03:00"
"205","UCL","2008-2009","viertelfinale","1st(1st leg)","Cruz Azul","Pumas UNAM","1:0 (1:0)","1st(1st leg): 26/02/2009 03:00"
"206","UCL","2008-2009","viertelfinale","2nd (2nd leg)","Pumas UNAM","Cruz Azul","0:1 (0:0)","2nd (2nd leg): 05/03/2009 03:00"
"207","UCL","2008-2009","viertelfinale","1st(1st leg)","Puerto Rico Islanders","Marathón","2:1 (0:1)","1st(1st leg): 27/02/2009 01:00"
"208","UCL","2008-2009","viertelfinale","2nd (2nd leg)","Marathón","Puerto Rico Islanders","0:1 (0:0)","2nd (2nd leg): 05/03/2009 01:00"
"209","UCL","2009-2010","viertelfinale","1st(1st leg)","Olympique Lyon","Girondins Bordeaux","3:1 (2:1)","1st(1st leg): 30/03/2010 19:45"
"210","UCL","2009-2010","viertelfinale","2nd (2nd leg)","Girondins Bordeaux","Olympique Lyon","1:0 (1:0)","2nd (2nd leg): 07/04/2010 19:45"
"211","UCL","2009-2010","viertelfinale","1st(1st leg)","Bayern München","Manchester United","2:1 (0:1)","1st(1st leg): 30/03/2010 19:45"
"212","UCL","2009-2010","viertelfinale","2nd (2nd leg)","Manchester United","Bayern München","3:2 (3:1)","2nd (2nd leg): 07/04/2010 19:45"
"213","UCL","2009-2010","viertelfinale","1st(1st leg)","Arsenal FC","FC Barcelona","2:2 (0:0)","1st(1st leg): 31/03/2010 19:45"
"214","UCL","2009-2010","viertelfinale","2nd (2nd leg)","FC Barcelona","Arsenal FC","4:1 (3:1)","2nd (2nd leg): 06/04/2010 19:45"
"215","UCL","2009-2010","viertelfinale","1st(1st leg)","Inter","CSKA Moskva","1:0 (0:0)","1st(1st leg): 31/03/2010 19:45"
"216","UCL","2009-2010","viertelfinale","2nd (2nd leg)","CSKA Moskva","Inter","0:1 (0:1)","2nd (2nd leg): 06/04/2010 17:30"
"217","UCL","2010-2011","viertelfinale","1st(1st leg)","Real Madrid","Tottenham Hotspur","4:0 (1:0)","1st(1st leg): 05/04/2011 19:45"
"218","UCL","2010-2011","viertelfinale","2nd (2nd leg)","Tottenham Hotspur","Real Madrid","0:1 (0:0)","2nd (2nd leg): 13/04/2011 19:45"
"219","UCL","2010-2011","viertelfinale","1st(1st leg)","Inter","FC Schalke 04","2:5 (2:2)","1st(1st leg): 05/04/2011 19:45"
"220","UCL","2010-2011","viertelfinale","2nd (2nd leg)","FC Schalke 04","Inter","2:1 (1:0)","2nd (2nd leg): 13/04/2011 19:45"
"221","UCL","2010-2011","viertelfinale","1st(1st leg)","Chelsea FC","Manchester United","0:1 (0:1)","1st(1st leg): 06/04/2011 19:45"
"222","UCL","2010-2011","viertelfinale","2nd (2nd leg)","Manchester United","Chelsea FC","2:1 (1:0)","2nd (2nd leg): 12/04/2011 19:45"
"223","UCL","2010-2011","viertelfinale","1st(1st leg)","FC Barcelona","Shakhtar Donetsk","5:1 (2:0)","1st(1st leg): 06/04/2011 19:45"
"224","UCL","2010-2011","viertelfinale","2nd (2nd leg)","Shakhtar Donetsk","FC Barcelona","0:1 (0:1)","2nd (2nd leg): 12/04/2011 19:45"
"225","UCL","2011-2012","viertelfinale","1st(1st leg)","APOEL Nikosia","Real Madrid","0:3 (0:0)","1st(1st leg): 27/03/2012 19:45"
"226","UCL","2011-2012","viertelfinale","2nd (2nd leg)","Real Madrid","APOEL Nikosia","5:2 (2:0)","2nd (2nd leg): 04/04/2012 19:45"
"227","UCL","2011-2012","viertelfinale","1st(1st leg)","SL Benfica","Chelsea FC","0:1 (0:0)","1st(1st leg): 27/03/2012 19:45"
"228","UCL","2011-2012","viertelfinale","2nd (2nd leg)","Chelsea FC","SL Benfica","2:1 (1:0)","2nd (2nd leg): 04/04/2012 19:45"
"229","UCL","2011-2012","viertelfinale","1st(1st leg)","Olympique Marseille","Bayern München","0:2 (0:1)","1st(1st leg): 28/03/2012 19:45"
"230","UCL","2011-2012","viertelfinale","2nd (2nd leg)","Bayern München","Olympique Marseille","2:0 (2:0)","2nd (2nd leg): 03/04/2012 19:45"
"231","UCL","2011-2012","viertelfinale","1st(1st leg)","AC Milan","FC Barcelona","0:0 (0:0)","1st(1st leg): 28/03/2012 19:45"
"232","UCL","2011-2012","viertelfinale","2nd (2nd leg)","FC Barcelona","AC Milan","3:1 (2:1)","2nd (2nd leg): 03/04/2012 19:45"
"233","UCL","2012-2013","viertelfinale","1st(1st leg)","Paris Saint-Germain","FC Barcelona","2:2 (0:1)","1st(1st leg): 02/04/2013 19:45"
"234","UCL","2012-2013","viertelfinale","2nd (2nd leg)","FC Barcelona","Paris Saint-Germain","1:1 (0:0)","2nd (2nd leg): 10/04/2013 19:45"
"235","UCL","2012-2013","viertelfinale","1st(1st leg)","Bayern München","Juventus","2:0 (1:0)","1st(1st leg): 02/04/2013 19:45"
"236","UCL","2012-2013","viertelfinale","2nd (2nd leg)","Juventus","Bayern München","0:2 (0:0)","2nd (2nd leg): 10/04/2013 19:45"
"237","UCL","2012-2013","viertelfinale","1st(1st leg)","Málaga CF","Borussia Dortmund","0:0 (0:0)","1st(1st leg): 03/04/2013 19:45"
"238","UCL","2012-2013","viertelfinale","2nd (2nd leg)","Borussia Dortmund","Málaga CF","3:2 (1:1)","2nd (2nd leg): 09/04/2013 19:45"
"239","UCL","2012-2013","viertelfinale","1st(1st leg)","Real Madrid","Galatasaray","3:0 (2:0)","1st(1st leg): 03/04/2013 19:45"
"240","UCL","2012-2013","viertelfinale","2nd (2nd leg)","Galatasaray","Real Madrid","3:2 (0:1)","2nd (2nd leg): 09/04/2013 19:45"
"241","UCL","2013-2014","viertelfinale","1st(1st leg)","FC Barcelona","Atlético Madrid","1:1 (0:0)","1st(1st leg): 01/04/2014 19:45"
"242","UCL","2013-2014","viertelfinale","2nd (2nd leg)","Atlético Madrid","FC Barcelona","1:0 (1:0)","2nd (2nd leg): 09/04/2014 19:45"
"243","UCL","2013-2014","viertelfinale","1st(1st leg)","Manchester United","Bayern München","1:1 (0:0)","1st(1st leg): 01/04/2014 19:45"
"244","UCL","2013-2014","viertelfinale","2nd (2nd leg)","Bayern München","Manchester United","3:1 (0:0)","2nd (2nd leg): 09/04/2014 19:45"
"245","UCL","2013-2014","viertelfinale","1st(1st leg)","Real Madrid","Borussia Dortmund","3:0 (2:0)","1st(1st leg): 02/04/2014 19:45"
"246","UCL","2013-2014","viertelfinale","2nd (2nd leg)","Borussia Dortmund","Real Madrid","2:0 (2:0)","2nd (2nd leg): 08/04/2014 19:45"
"247","UCL","2013-2014","viertelfinale","1st(1st leg)","Paris Saint-Germain","Chelsea FC","3:1 (1:1)","1st(1st leg): 02/04/2014 19:45"
"248","UCL","2013-2014","viertelfinale","2nd (2nd leg)","Chelsea FC","Paris Saint-Germain","2:0 (1:0)","2nd (2nd leg): 08/04/2014 19:45"
"249","UCL","2014-2015","viertelfinale","1st(1st leg)","Atlético Madrid","Real Madrid","0:0 (0:0)","1st(1st leg): 14/04/2015 19:45"
"250","UCL","2014-2015","viertelfinale","2nd (2nd leg)","Real Madrid","Atlético Madrid","1:0 (0:0)","2nd (2nd leg): 22/04/2015 19:45"
"251","UCL","2014-2015","viertelfinale","1st(1st leg)","Juventus","AS Monaco","1:0 (0:0)","1st(1st leg): 14/04/2015 19:45"
"252","UCL","2014-2015","viertelfinale","2nd (2nd leg)","AS Monaco","Juventus","0:0 (0:0)","2nd (2nd leg): 22/04/2015 19:45"
"253","UCL","2014-2015","viertelfinale","1st(1st leg)","Paris Saint-Germain","FC Barcelona","1:3 (0:1)","1st(1st leg): 15/04/2015 19:45"
"254","UCL","2014-2015","viertelfinale","2nd (2nd leg)","FC Barcelona","Paris Saint-Germain","2:0 (2:0)","2nd (2nd leg): 21/04/2015 19:45"
"255","UCL","2014-2015","viertelfinale","1st(1st leg)","FC Porto","Bayern München","3:1 (2:1)","1st(1st leg): 15/04/2015 19:45"
"256","UCL","2014-2015","viertelfinale","2nd (2nd leg)","Bayern München","FC Porto","6:1 (5:0)","2nd (2nd leg): 21/04/2015 19:45"
"257","UCL","2015-2016","viertelfinale","1st(1st leg)","Bayern München","SL Benfica","1:0 (1:0)","1st(1st leg): 05/04/2016 19:45"
"258","UCL","2015-2016","viertelfinale","2nd (2nd leg)","SL Benfica","Bayern München","2:2 (1:1)","2nd (2nd leg): 13/04/2016 19:45"
"259","UCL","2015-2016","viertelfinale","1st(1st leg)","FC Barcelona","Atlético Madrid","2:1 (0:1)","1st(1st leg): 05/04/2016 19:45"
"260","UCL","2015-2016","viertelfinale","2nd (2nd leg)","Atlético Madrid","FC Barcelona","2:0 (1:0)","2nd (2nd leg): 13/04/2016 19:45"
"261","UCL","2015-2016","viertelfinale","1st(1st leg)","VfL Wolfsburg","Real Madrid","2:0 (2:0)","1st(1st leg): 06/04/2016 19:45"
"262","UCL","2015-2016","viertelfinale","2nd (2nd leg)","Real Madrid","VfL Wolfsburg","3:0 (2:0)","2nd (2nd leg): 12/04/2016 19:45"
"263","UCL","2015-2016","viertelfinale","1st(1st leg)","Paris Saint-Germain","Manchester City","2:2 (1:1)","1st(1st leg): 06/04/2016 19:45"
"264","UCL","2015-2016","viertelfinale","2nd (2nd leg)","Manchester City","Paris Saint-Germain","1:0 (0:0)","2nd (2nd leg): 12/04/2016 19:45"
"265","UCL","2016-2017","viertelfinale","1st(1st leg)","Juventus","FC Barcelona","3:0 (2:0)","1st(1st leg): 11/04/2017 19:45"
"266","UCL","2016-2017","viertelfinale","2nd (2nd leg)","FC Barcelona","Juventus","0:0 (0:0)","2nd (2nd leg): 19/04/2017 19:45"
"267","UCL","2016-2017","viertelfinale","1st(1st leg)","Borussia Dortmund","AS Monaco","2:3 (0:2)","1st(1st leg): 12/04/2017 17:45"
"268","UCL","2016-2017","viertelfinale","2nd (2nd leg)","AS Monaco","Borussia Dortmund","3:1 (2:0)","2nd (2nd leg): 19/04/2017 19:50"
"269","UCL","2016-2017","viertelfinale","1st(1st leg)","Atlético Madrid","Leicester City","1:0 (1:0)","1st(1st leg): 12/04/2017 19:45"
"270","UCL","2016-2017","viertelfinale","2nd (2nd leg)","Leicester City","Atlético Madrid","1:1 (0:1)","2nd (2nd leg): 18/04/2017 19:45"
"271","UCL","2016-2017","viertelfinale","1st(1st leg)","Bayern München","Real Madrid","1:2 (1:0)","1st(1st leg): 12/04/2017 19:45"
"272","UCL","2016-2017","viertelfinale","2nd (2nd leg)","Real Madrid","Bayern München","4:2 (0:0, 1:2) aet","2nd (2nd leg): 18/04/2017 19:45"
"273","UCL","2017-2018","viertelfinale","1st(1st leg)","Sevilla FC","Bayern München","1:2 (1:1)","1st(1st leg): 03/04/2018 19:45"
"274","UCL","2017-2018","viertelfinale","2nd (2nd leg)","Bayern München","Sevilla FC","0:0 (0:0)","2nd (2nd leg): 11/04/2018 19:45"
"275","UCL","2017-2018","viertelfinale","1st(1st leg)","Juventus","Real Madrid","0:3 (0:1)","1st(1st leg): 03/04/2018 19:45"
"276","UCL","2017-2018","viertelfinale","2nd (2nd leg)","Real Madrid","Juventus","1:3 (0:2)","2nd (2nd leg): 11/04/2018 19:45"
"277","UCL","2017-2018","viertelfinale","1st(1st leg)","FC Barcelona","AS Roma","4:1 (1:0)","1st(1st leg): 04/04/2018 19:45"
"278","UCL","2017-2018","viertelfinale","2nd (2nd leg)","AS Roma","FC Barcelona","3:0 (1:0)","2nd (2nd leg): 10/04/2018 19:45"
"279","UCL","2017-2018","viertelfinale","1st(1st leg)","Liverpool FC","Manchester City","3:0 (3:0)","1st(1st leg): 04/04/2018 19:45"
"280","UCL","2017-2018","viertelfinale","2nd (2nd leg)","Manchester City","Liverpool FC","1:2 (1:0)","2nd (2nd leg): 10/04/2018 19:45"
"281","UCL","2018-2019","viertelfinale","1st(1st leg)","Liverpool FC","FC Porto","2:0 (2:0)","1st(1st leg): 09/04/2019 20:00"
"282","UCL","2018-2019","viertelfinale","2nd (2nd leg)","FC Porto","Liverpool FC","1:4 (0:1)","2nd (2nd leg): 17/04/2019 20:00"
"283","UCL","2018-2019","viertelfinale","1st(1st leg)","Tottenham Hotspur","Manchester City","1:0 (0:0)","1st(1st leg): 09/04/2019 20:00"
"284","UCL","2018-2019","viertelfinale","2nd (2nd leg)","Manchester City","Tottenham Hotspur","4:3 (3:2)","2nd (2nd leg): 17/04/2019 20:00"
"285","UCL","2018-2019","viertelfinale","1st(1st leg)","AFC Ajax","Juventus","1:1 (0:1)","1st(1st leg): 10/04/2019 20:00"
"286","UCL","2018-2019","viertelfinale","2nd (2nd leg)","Juventus","AFC Ajax","1:2 (1:1)","2nd (2nd leg): 16/04/2019 20:00"
"287","UCL","2018-2019","viertelfinale","1st(1st leg)","Manchester United","FC Barcelona","0:1 (0:1)","1st(1st leg): 10/04/2019 20:00"
"288","UCL","2018-2019","viertelfinale","2nd (2nd leg)","FC Barcelona","Manchester United","3:0 (2:0)","2nd (2nd leg): 16/04/2019 20:00"
"289","UCL","2007-2008","halbfinale","1st(1st leg)","Liverpool FC","Chelsea FC","1:1 (1:0)","1st(1st leg): 22/04/2008 19:45"
"290","UCL","2007-2008","halbfinale","2nd (2nd leg)","Chelsea FC","Liverpool FC","3:2 (1:0, 1:1) aet","2nd (2nd leg): 30/04/2008 19:45"
"291","UCL","2007-2008","halbfinale","1st(1st leg)","FC Barcelona","Manchester United","0:0 (0:0)","1st(1st leg): 23/04/2008 19:45"
"292","UCL","2007-2008","halbfinale","2nd (2nd leg)","Manchester United","FC Barcelona","1:0 (1:0)","2nd (2nd leg): 29/04/2008 19:45"
"293","UCL","2008-2009","halbfinale","1st(1st leg)","Puerto Rico Islanders","Cruz Azul","2:0 (2:0)","1st(1st leg): 18/03/2009 00:00"
"294","UCL","2008-2009","halbfinale","2nd (2nd leg)","Cruz Azul","Puerto Rico Islanders","4:2 (1:0, 2:0, 3:1) pso","2nd (2nd leg): 08/04/2009 03:00"
"295","UCL","2008-2009","halbfinale","1st(1st leg)","Santos Laguna","CF Atlante","2:1 (1:1)","1st(1st leg): 19/03/2009 02:00"
"296","UCL","2008-2009","halbfinale","2nd (2nd leg)","CF Atlante","Santos Laguna","3:1 (1:0)","2nd (2nd leg): 09/04/2009 03:00"
"297","UCL","2009-2010","halbfinale","1st(1st leg)","Inter","FC Barcelona","3:1 (1:1)","1st(1st leg): 20/04/2010 19:45"
"298","UCL","2009-2010","halbfinale","2nd (2nd leg)","FC Barcelona","Inter","1:0 (0:0)","2nd (2nd leg): 28/04/2010 19:45"
"299","UCL","2009-2010","halbfinale","1st(1st leg)","Bayern München","Olympique Lyon","1:0 (0:0)","1st(1st leg): 21/04/2010 19:45"
"300","UCL","2009-2010","halbfinale","2nd (2nd leg)","Olympique Lyon","Bayern München","0:3 (0:1)","2nd (2nd leg): 27/04/2010 19:45"
"301","UCL","2010-2011","halbfinale","1st(1st leg)","FC Schalke 04","Manchester United","0:2 (0:0)","1st(1st leg): 26/04/2011 19:45"
"302","UCL","2010-2011","halbfinale","2nd (2nd leg)","Manchester United","FC Schalke 04","4:1 (2:1)","2nd (2nd leg): 04/05/2011 19:45"
"303","UCL","2010-2011","halbfinale","1st(1st leg)","Real Madrid","FC Barcelona","0:2 (0:0)","1st(1st leg): 27/04/2011 19:45"
"304","UCL","2010-2011","halbfinale","2nd (2nd leg)","FC Barcelona","Real Madrid","1:1 (0:0)","2nd (2nd leg): 03/05/2011 19:45"
"305","UCL","2011-2012","halbfinale","1st(1st leg)","Bayern München","Real Madrid","2:1 (1:0)","1st(1st leg): 17/04/2012 19:45"
"306","UCL","2011-2012","halbfinale","2nd (2nd leg)","Real Madrid","Bayern München","1:3 (2:1, 2:1, 2:1) pso","2nd (2nd leg): 25/04/2012 19:45"
"307","UCL","2011-2012","halbfinale","1st(1st leg)","Chelsea FC","FC Barcelona","1:0 (1:0)","1st(1st leg): 18/04/2012 19:45"
"308","UCL","2011-2012","halbfinale","2nd (2nd leg)","FC Barcelona","Chelsea FC","2:2 (2:1)","2nd (2nd leg): 24/04/2012 19:45"
"309","UCL","2012-2013","halbfinale","1st(1st leg)","Bayern München","FC Barcelona","4:0 (1:0)","1st(1st leg): 23/04/2013 19:45"
"310","UCL","2012-2013","halbfinale","2nd (2nd leg)","FC Barcelona","Bayern München","0:3 (0:0)","2nd (2nd leg): 01/05/2013 19:45"
"311","UCL","2012-2013","halbfinale","1st(1st leg)","Borussia Dortmund","Real Madrid","4:1 (1:1)","1st(1st leg): 24/04/2013 19:45"
"312","UCL","2012-2013","halbfinale","2nd (2nd leg)","Real Madrid","Borussia Dortmund","2:0 (0:0)","2nd (2nd leg): 30/04/2013 19:45"
"313","UCL","2013-2014","halbfinale","1st(1st leg)","Atlético Madrid","Chelsea FC","0:0 (0:0)","1st(1st leg): 22/04/2014 19:45"
"314","UCL","2013-2014","halbfinale","2nd (2nd leg)","Chelsea FC","Atlético Madrid","1:3 (1:1)","2nd (2nd leg): 30/04/2014 19:45"
"315","UCL","2013-2014","halbfinale","1st(1st leg)","Real Madrid","Bayern München","1:0 (1:0)","1st(1st leg): 23/04/2014 19:45"
"316","UCL","2013-2014","halbfinale","2nd (2nd leg)","Bayern München","Real Madrid","0:4 (0:3)","2nd (2nd leg): 29/04/2014 19:45"
"317","UCL","2014-2015","halbfinale","1st(1st leg)","Juventus","Real Madrid","2:1 (1:1)","1st(1st leg): 05/05/2015 19:45"
"318","UCL","2014-2015","halbfinale","2nd (2nd leg)","Real Madrid","Juventus","1:1 (1:0)","2nd (2nd leg): 13/05/2015 19:45"
"319","UCL","2014-2015","halbfinale","1st(1st leg)","FC Barcelona","Bayern München","3:0 (0:0)","1st(1st leg): 06/05/2015 19:45"
"320","UCL","2014-2015","halbfinale","2nd (2nd leg)","Bayern München","FC Barcelona","3:2 (1:2)","2nd (2nd leg): 12/05/2015 19:45"
"321","UCL","2015-2016","halbfinale","1st(1st leg)","Manchester City","Real Madrid","0:0 (0:0)","1st(1st leg): 26/04/2016 19:45"
"322","UCL","2015-2016","halbfinale","2nd (2nd leg)","Real Madrid","Manchester City","1:0 (1:0)","2nd (2nd leg): 04/05/2016 19:45"
"323","UCL","2015-2016","halbfinale","1st(1st leg)","Atlético Madrid","Bayern München","1:0 (1:0)","1st(1st leg): 27/04/2016 19:45"
"324","UCL","2015-2016","halbfinale","2nd (2nd leg)","Bayern München","Atlético Madrid","2:1 (1:0)","2nd (2nd leg): 03/05/2016 19:45"
"325","UCL","2016-2017","halbfinale","1st(1st leg)","Real Madrid","Atlético Madrid","3:0 (1:0)","1st(1st leg): 02/05/2017 19:45"
"326","UCL","2016-2017","halbfinale","2nd (2nd leg)","Atlético Madrid","Real Madrid","2:1 (2:1)","2nd (2nd leg): 10/05/2017 19:45"
"327","UCL","2016-2017","halbfinale","1st(1st leg)","AS Monaco","Juventus","0:2 (0:1)","1st(1st leg): 03/05/2017 19:45"
"328","UCL","2016-2017","halbfinale","2nd (2nd leg)","Juventus","AS Monaco","2:1 (2:0)","2nd (2nd leg): 09/05/2017 19:45"
"329","UCL","2017-2018","halbfinale","1st(1st leg)","Liverpool FC","AS Roma","5:2 (2:0)","1st(1st leg): 24/04/2018 19:45"
"330","UCL","2017-2018","halbfinale","2nd (2nd leg)","AS Roma","Liverpool FC","4:2 (1:2)","2nd (2nd leg): 02/05/2018 19:45"
"331","UCL","2017-2018","halbfinale","1st(1st leg)","Bayern München","Real Madrid","1:2 (1:1)","1st(1st leg): 25/04/2018 19:45"
"332","UCL","2017-2018","halbfinale","2nd (2nd leg)","Real Madrid","Bayern München","2:2 (1:1)","2nd (2nd leg): 01/05/2018 19:45"
"333","UCL","2018-2019","halbfinale","1st(1st leg)","Tottenham Hotspur","AFC Ajax","0:1 (0:1)","1st(1st leg): 30/04/2019 20:00"
"334","UCL","2018-2019","halbfinale","2nd (2nd leg)","AFC Ajax","Tottenham Hotspur","2:3 (2:0)","2nd (2nd leg): 08/05/2019 20:00"
"335","UCL","2018-2019","halbfinale","1st(1st leg)","FC Barcelona","Liverpool FC","3:0 (1:0)","1st(1st leg): 01/05/2019 20:00"
"336","UCL","2018-2019","halbfinale","2nd (2nd leg)","Liverpool FC","FC Barcelona","4:0 (1:0)","2nd (2nd leg): 07/05/2019 20:00"
"337","UCL","2007-2008","finale","FINAL","Manchester United","Chelsea FC","6:5 (1:1, 1:1, 1:1) pso","21/05/2008: 19:45"
"338","UCL","2008-2009","finale","FINAL","Manchester United","FC Barcelona","0:2 (0:1)","27/05/2009: 19:45"
"339","UCL","2010-2011","finale","FINAL","FC Barcelona","Manchester United","3:1 (1:1)","28/05/2011: 19:45"
"340","UCL","2011-2012","finale","FINAL","Bayern München","Chelsea FC","3:4 (0:0, 1:1, 1:1) pso","19/05/2012: 19:45"
"341","UCL","2012-2013","finale","FINAL","Borussia Dortmund","Bayern München","1:2 (0:0)","25/05/2013: 19:45"
"342","UCL","2013-2014","finale","FINAL","Real Madrid","Atlético Madrid","4:1 (0:1, 1:1) aet","24/05/2014: 19:45"
"343","UCL","2014-2015","finale","FINAL","Juventus","FC Barcelona","1:3 (0:1)","06/06/2015: 19:45"
"344","UCL","2015-2016","finale","FINAL","Real Madrid","Atlético Madrid","5:3 (1:0, 1:1, 1:1) pso","28/05/2016: 19:45"
"345","UCL","2016-2017","finale","FINAL","Juventus","Real Madrid","1:4 (1:1)","03/06/2017: 19:45"
"346","UCL","2017-2018","finale","FINAL","Real Madrid","Liverpool FC","3:1 (0:0)","26/05/2018: 19:45"
"347","UCL","2018-2019","finale","FINAL","Tottenham Hotspur","Liverpool FC","0:2 (0:1)","01/06/2019: 20:00"
"348","UCL","1994-1995","viertelfinale","1st(1st leg)","FC Barcelona","Paris Saint-Germain","1:1 (0:0)","1st(1st leg): 01/03/1995"
"349","UCL","1994-1995","viertelfinale","2nd (2nd leg)","Paris Saint-Germain","FC Barcelona","2:1 (0:0)","2nd (2nd leg): 15/03/1995"
"350","UCL","1994-1995","viertelfinale","1st(1st leg)","Bayern München","IFK Göteborg","0:0 (0:0)","1st(1st leg): 01/03/1995"
"351","UCL","1994-1995","viertelfinale","2nd (2nd leg)","IFK Göteborg","Bayern München","2:2 (0:0)","2nd (2nd leg): 15/03/1995"
"352","UCL","1994-1995","viertelfinale","1st(1st leg)","Hajduk Split","AFC Ajax","0:0 (0:0)","1st(1st leg): 01/03/1995"
"353","UCL","1994-1995","viertelfinale","2nd (2nd leg)","AFC Ajax","Hajduk Split","3:0 (2:0)","2nd (2nd leg): 15/03/1995"
"354","UCL","1994-1995","viertelfinale","1st(1st leg)","AC Milan","SL Benfica","2:0 (0:0)","1st(1st leg): 01/03/1995"
"355","UCL","1994-1995","viertelfinale","2nd (2nd leg)","SL Benfica","AC Milan","0:0 (0:0)","2nd (2nd leg): 15/03/1995"
"356","UCL","1995-1996","viertelfinale","1st(1st leg)","Borussia Dortmund","AFC Ajax","0:2 (0:1)","1st(1st leg): 05/03/1996"
"357","UCL","1995-1996","viertelfinale","2nd (2nd leg)","AFC Ajax","Borussia Dortmund","1:0 (0:0)","2nd (2nd leg): 20/03/1996"
"358","UCL","1995-1996","viertelfinale","1st(1st leg)","Legia Warszawa","Panathinaikos","0:0 (0:0)","1st(1st leg): 05/03/1996"
"359","UCL","1995-1996","viertelfinale","2nd (2nd leg)","Panathinaikos","Legia Warszawa","3:0 (1:0)","2nd (2nd leg): 20/03/1996"
"360","UCL","1995-1996","viertelfinale","1st(1st leg)","FC Nantes","Spartak Moskva","2:0 (1:0)","1st(1st leg): 05/03/1996"
"361","UCL","1995-1996","viertelfinale","2nd (2nd leg)","Spartak Moskva","FC Nantes","2:2 (2:0)","2nd (2nd leg): 20/03/1996"
"362","UCL","1995-1996","viertelfinale","1st(1st leg)","Real Madrid","Juventus","1:0 (1:0)","1st(1st leg): 05/03/1996"
"363","UCL","1995-1996","viertelfinale","2nd (2nd leg)","Juventus","Real Madrid","2:0 (1:0)","2nd (2nd leg): 20/03/1996"
"364","UCL","1996-1997","viertelfinale","1st(1st leg)","Manchester United","FC Porto","4:0 (2:0)","1st(1st leg): 05/03/1997"
"365","UCL","1996-1997","viertelfinale","2nd (2nd leg)","FC Porto","Manchester United","0:0 (0:0)","2nd (2nd leg): 19/03/1997"
"366","UCL","1996-1997","viertelfinale","1st(1st leg)","Rosenborg BK","Juventus","1:1 (0:0)","1st(1st leg): 05/03/1997"
"367","UCL","1996-1997","viertelfinale","2nd (2nd leg)","Juventus","Rosenborg BK","2:0 (1:0)","2nd (2nd leg): 19/03/1997"
"368","UCL","1996-1997","viertelfinale","1st(1st leg)","Borussia Dortmund","AJ Auxerre","3:1 (1:0)","1st(1st leg): 05/03/1997"
"369","UCL","1996-1997","viertelfinale","2nd (2nd leg)","AJ Auxerre","Borussia Dortmund","0:1 (0:0)","2nd (2nd leg): 19/03/1997"
"370","UCL","1996-1997","viertelfinale","1st(1st leg)","AFC Ajax","Atlético Madrid","1:1 (0:1)","1st(1st leg): 05/03/1997"
"371","UCL","1996-1997","viertelfinale","2nd (2nd leg)","Atlético Madrid","AFC Ajax","2:3 (1:0, 1:1) aet","2nd (2nd leg): 19/03/1997"
"372","UCL","1997-1998","viertelfinale","1st(1st leg)","Bayer Leverkusen","Real Madrid","1:1 (1:0)","1st(1st leg): 04/03/1998"
"373","UCL","1997-1998","viertelfinale","2nd (2nd leg)","Real Madrid","Bayer Leverkusen","3:0 (0:0)","2nd (2nd leg): 18/03/1998"
"374","UCL","1997-1998","viertelfinale","1st(1st leg)","Juventus","Dinamo Kiev","1:1 (0:0)","1st(1st leg): 04/03/1998"
"375","UCL","1997-1998","viertelfinale","2nd (2nd leg)","Dinamo Kiev","Juventus","1:4 (0:1)","2nd (2nd leg): 18/03/1998"
"376","UCL","1997-1998","viertelfinale","1st(1st leg)","Bayern München","Borussia Dortmund","0:0 (0:0)","1st(1st leg): 04/03/1998"
"377","UCL","1997-1998","viertelfinale","2nd (2nd leg)","Borussia Dortmund","Bayern München","1:0 (0:0, 0:0) aet","2nd (2nd leg): 18/03/1998"
"378","UCL","1997-1998","viertelfinale","1st(1st leg)","AS Monaco","Manchester United","0:0 (0:0)","1st(1st leg): 04/03/1998"
"379","UCL","1997-1998","viertelfinale","2nd (2nd leg)","Manchester United","AS Monaco","1:1 (0:1)","2nd (2nd leg): 18/03/1998"
"380","UCL","1998-1999","viertelfinale","1st(1st leg)","Bayern München","1. FC Kaiserslautern","2:0 (2:0)","1st(1st leg): 03/03/1999 19:45"
"381","UCL","1998-1999","viertelfinale","2nd (2nd leg)","1. FC Kaiserslautern","Bayern München","0:4 (0:3)","2nd (2nd leg): 17/03/1999 19:45"
"382","UCL","1998-1999","viertelfinale","1st(1st leg)","Juventus","Olympiakos Piräus","2:1 (1:0)","1st(1st leg): 03/03/1999 19:45"
"383","UCL","1998-1999","viertelfinale","2nd (2nd leg)","Olympiakos Piräus","Juventus","1:1 (1:0)","2nd (2nd leg): 17/03/1999 19:45"
"384","UCL","1998-1999","viertelfinale","1st(1st leg)","Manchester United","Inter","2:0 (2:0)","1st(1st leg): 03/03/1999 19:45"
"385","UCL","1998-1999","viertelfinale","2nd (2nd leg)","Inter","Manchester United","1:1 (0:0)","2nd (2nd leg): 17/03/1999 19:45"
"386","UCL","1998-1999","viertelfinale","1st(1st leg)","Real Madrid","Dinamo Kiev","1:1 (0:0)","1st(1st leg): 03/03/1999 19:45"
"387","UCL","1998-1999","viertelfinale","2nd (2nd leg)","Dinamo Kiev","Real Madrid","2:0 (0:0)","2nd (2nd leg): 17/03/1999 19:45"
"388","UCL","1999-2000","viertelfinale","1st(1st leg)","FC Porto","Bayern München","1:1 (0:0)","1st(1st leg): 04/04/2000"
"389","UCL","1999-2000","viertelfinale","2nd (2nd leg)","Bayern München","FC Porto","2:1 (1:0)","2nd (2nd leg): 19/04/2000"
"390","UCL","1999-2000","viertelfinale","1st(1st leg)","Real Madrid","Manchester United","0:0 (0:0)","1st(1st leg): 04/04/2000"
"391","UCL","1999-2000","viertelfinale","2nd (2nd leg)","Manchester United","Real Madrid","2:3 (0:1)","2nd (2nd leg): 19/04/2000"
"392","UCL","1999-2000","viertelfinale","1st(1st leg)","Chelsea FC","FC Barcelona","3:1 (3:0)","1st(1st leg): 05/04/2000"
"393","UCL","1999-2000","viertelfinale","2nd (2nd leg)","FC Barcelona","Chelsea FC","5:1 (2:0, 3:1) aet","2nd (2nd leg): 18/04/2000"
"394","UCL","1999-2000","viertelfinale","1st(1st leg)","Valencia CF","Lazio Roma","5:2 (3:1)","1st(1st leg): 05/04/2000"
"395","UCL","1999-2000","viertelfinale","2nd (2nd leg)","Lazio Roma","Valencia CF","1:0 (0:0)","2nd (2nd leg): 18/04/2000"
"396","UCL","2000-2001","viertelfinale","1st(1st leg)","Manchester United","Bayern München","0:1 (0:0)","1st(1st leg): 03/04/2001 19:45"
"397","UCL","2000-2001","viertelfinale","2nd (2nd leg)","Bayern München","Manchester United","2:1 (2:0)","2nd (2nd leg): 18/04/2001 19:45"
"398","UCL","2000-2001","viertelfinale","1st(1st leg)","Galatasaray","Real Madrid","3:2 (0:2)","1st(1st leg): 03/04/2001 19:45"
"399","UCL","2000-2001","viertelfinale","2nd (2nd leg)","Real Madrid","Galatasaray","3:0 (3:0)","2nd (2nd leg): 18/04/2001 19:45"
"400","UCL","2000-2001","viertelfinale","1st(1st leg)","Leeds United","Deportivo La Coruña","3:0 (1:0)","1st(1st leg): 04/04/2001 19:45"
"401","UCL","2000-2001","viertelfinale","2nd (2nd leg)","Deportivo La Coruña","Leeds United","2:0 (1:0)","2nd (2nd leg): 17/04/2001 19:45"
"402","UCL","2000-2001","viertelfinale","1st(1st leg)","Arsenal FC","Valencia CF","2:1 (0:1)","1st(1st leg): 04/04/2001 19:45"
"403","UCL","2000-2001","viertelfinale","2nd (2nd leg)","Valencia CF","Arsenal FC","1:0 (0:0)","2nd (2nd leg): 17/04/2001 19:45"
"404","UCL","2001-2002","viertelfinale","1st(1st leg)","Bayern München","Real Madrid","2:1 (0:1)","1st(1st leg): 02/04/2002 20:45"
"405","UCL","2001-2002","viertelfinale","2nd (2nd leg)","Real Madrid","Bayern München","2:0 (0:0)","2nd (2nd leg): 10/04/2002 19:45"
"406","UCL","2001-2002","viertelfinale","1st(1st leg)","Deportivo La Coruña","Manchester United","0:2 (0:2)","1st(1st leg): 02/04/2002 20:45"
"407","UCL","2001-2002","viertelfinale","2nd (2nd leg)","Manchester United","Deportivo La Coruña","3:2 (1:1)","2nd (2nd leg): 10/04/2002 19:45"
"408","UCL","2001-2002","viertelfinale","1st(1st leg)","Panathinaikos","FC Barcelona","1:0 (0:0)","1st(1st leg): 03/04/2002 20:45"
"409","UCL","2001-2002","viertelfinale","2nd (2nd leg)","FC Barcelona","Panathinaikos","3:1 (1:1)","2nd (2nd leg): 09/04/2002 19:45"
"410","UCL","2001-2002","viertelfinale","1st(1st leg)","Liverpool FC","Bayer Leverkusen","1:0 (1:0)","1st(1st leg): 03/04/2002 20:45"
"411","UCL","2001-2002","viertelfinale","2nd (2nd leg)","Bayer Leverkusen","Liverpool FC","4:2 (1:1)","2nd (2nd leg): 09/04/2002 19:45"
"412","UCL","2002-2003","viertelfinale","1st(1st leg)","Real Madrid","Manchester United","3:1 (2:0)","1st(1st leg): 08/04/2003 19:45"
"413","UCL","2002-2003","viertelfinale","2nd (2nd leg)","Manchester United","Real Madrid","4:3 (1:1)","2nd (2nd leg): 23/04/2003 19:45"
"414","UCL","2002-2003","viertelfinale","1st(1st leg)","AFC Ajax","AC Milan","0:0 (0:0)","1st(1st leg): 08/04/2003 19:45"
"415","UCL","2002-2003","viertelfinale","2nd (2nd leg)","AC Milan","AFC Ajax","3:2 (1:0)","2nd (2nd leg): 23/04/2003 19:45"
"416","UCL","2002-2003","viertelfinale","1st(1st leg)","Inter","Valencia CF","1:0 (1:0)","1st(1st leg): 09/04/2003 19:45"
"417","UCL","2002-2003","viertelfinale","2nd (2nd leg)","Valencia CF","Inter","2:1 (1:1)","2nd (2nd leg): 22/04/2003 19:45"
"418","UCL","2002-2003","viertelfinale","1st(1st leg)","Juventus","FC Barcelona","1:1 (1:0)","1st(1st leg): 09/04/2003 19:45"
"419","UCL","2002-2003","viertelfinale","2nd (2nd leg)","FC Barcelona","Juventus","1:2 (0:0, 1:1) aet","2nd (2nd leg): 22/04/2003 19:45"
"420","UCL","2003-2004","viertelfinale","1st(1st leg)","FC Porto","Olympique Lyon","2:0 (1:0)","1st(1st leg): 23/03/2004 19:45"
"421","UCL","2003-2004","viertelfinale","2nd (2nd leg)","Olympique Lyon","FC Porto","2:2 (1:1)","2nd (2nd leg): 07/04/2004 19:45"
"422","UCL","2003-2004","viertelfinale","1st(1st leg)","AC Milan","Deportivo La Coruña","4:1 (1:1)","1st(1st leg): 23/03/2004 19:45"
"423","UCL","2003-2004","viertelfinale","2nd (2nd leg)","Deportivo La Coruña","AC Milan","4:0 (3:0)","2nd (2nd leg): 07/04/2004 19:45"
"424","UCL","2003-2004","viertelfinale","1st(1st leg)","Real Madrid","AS Monaco","4:2 (0:1)","1st(1st leg): 24/03/2004 19:45"
"425","UCL","2003-2004","viertelfinale","2nd (2nd leg)","AS Monaco","Real Madrid","3:1 (1:1)","2nd (2nd leg): 06/04/2004 19:45"
"426","UCL","2003-2004","viertelfinale","1st(1st leg)","Chelsea FC","Arsenal FC","1:1 (0:0)","1st(1st leg): 24/03/2004 19:45"
"427","UCL","2003-2004","viertelfinale","2nd (2nd leg)","Arsenal FC","Chelsea FC","1:2 (1:0)","2nd (2nd leg): 06/04/2004 19:45"
"428","UCL","2004-2005","viertelfinale","1st(1st leg)","Liverpool FC","Juventus","2:1 (2:0)","1st(1st leg): 05/04/2005 19:45"
"429","UCL","2004-2005","viertelfinale","2nd (2nd leg)","Juventus","Liverpool FC","0:0 (0:0)","2nd (2nd leg): 13/04/2005 19:45"
"430","UCL","2004-2005","viertelfinale","1st(1st leg)","Olympique Lyon","PSV Eindhoven","1:1 (1:0)","1st(1st leg): 05/04/2005 19:45"
"431","UCL","2004-2005","viertelfinale","2nd (2nd leg)","PSV Eindhoven","Olympique Lyon","4:2 (0:1, 1:1, 1:1) pso","2nd (2nd leg): 13/04/2005 19:45"
"432","UCL","2004-2005","viertelfinale","1st(1st leg)","AC Milan","Inter","2:0 (1:0)","1st(1st leg): 06/04/2005 19:45"
"433","UCL","2004-2005","viertelfinale","2nd (2nd leg)","Inter","AC Milan","0:3 (0:1) dec.","2nd (2nd leg): 12/04/2005 19:45"
"434","UCL","2004-2005","viertelfinale","1st(1st leg)","Chelsea FC","Bayern München","4:2 (1:0)","1st(1st leg): 06/04/2005 19:45"
"435","UCL","2004-2005","viertelfinale","2nd (2nd leg)","Bayern München","Chelsea FC","3:2 (0:1)","2nd (2nd leg): 12/04/2005 19:45"
"436","UCL","2005-2006","viertelfinale","1st(1st leg)","Arsenal FC","Juventus","2:0 (1:0)","1st(1st leg): 28/03/2006 19:45"
"437","UCL","2005-2006","viertelfinale","2nd (2nd leg)","Juventus","Arsenal FC","0:0 (0:0)","2nd (2nd leg): 05/04/2006 19:45"
"438","UCL","2005-2006","viertelfinale","1st(1st leg)","SL Benfica","FC Barcelona","0:0 (0:0)","1st(1st leg): 28/03/2006 19:45"
"439","UCL","2005-2006","viertelfinale","2nd (2nd leg)","FC Barcelona","SL Benfica","2:0 (1:0)","2nd (2nd leg): 05/04/2006 19:45"
"440","UCL","2005-2006","viertelfinale","1st(1st leg)","Olympique Lyon","AC Milan","0:0 (0:0)","1st(1st leg): 29/03/2006 19:45"
"441","UCL","2005-2006","viertelfinale","2nd (2nd leg)","AC Milan","Olympique Lyon","3:1 (1:1)","2nd (2nd leg): 04/04/2006 19:45"
"442","UCL","2005-2006","viertelfinale","1st(1st leg)","Inter","Villarreal CF","2:1 (1:1)","1st(1st leg): 29/03/2006 19:45"
"443","UCL","2005-2006","viertelfinale","2nd (2nd leg)","Villarreal CF","Inter","1:0 (0:0)","2nd (2nd leg): 04/04/2006 19:45"
"444","UCL","2006-2007","viertelfinale","1st(1st leg)","AC Milan","Bayern München","2:2 (1:0)","1st(1st leg): 03/04/2007 19:45"
"445","UCL","2006-2007","viertelfinale","2nd (2nd leg)","Bayern München","AC Milan","0:2 (0:2)","2nd (2nd leg): 11/04/2007 19:45"
"446","UCL","2006-2007","viertelfinale","1st(1st leg)","PSV Eindhoven","Liverpool FC","0:3 (0:1)","1st(1st leg): 03/04/2007 19:45"
"447","UCL","2006-2007","viertelfinale","2nd (2nd leg)","Liverpool FC","PSV Eindhoven","1:0 (0:0)","2nd (2nd leg): 11/04/2007 19:45"
"448","UCL","2006-2007","viertelfinale","1st(1st leg)","AS Roma","Manchester United","2:1 (1:0)","1st(1st leg): 04/04/2007 19:45"
"449","UCL","2006-2007","viertelfinale","2nd (2nd leg)","Manchester United","AS Roma","7:1 (4:0)","2nd (2nd leg): 10/04/2007 19:45"
"450","UCL","2006-2007","viertelfinale","1st(1st leg)","Chelsea FC","Valencia CF","1:1 (0:1)","1st(1st leg): 04/04/2007 19:45"
"451","UCL","2006-2007","viertelfinale","2nd (2nd leg)","Valencia CF","Chelsea FC","1:2 (1:0)","2nd (2nd leg): 10/04/2007 19:45"
"452","UCL","1994-1995","halbfinale","1st(1st leg)","Bayern München","AFC Ajax","0:0 (0:0)","1st(1st leg): 05/04/1995"
"453","UCL","1994-1995","halbfinale","2nd (2nd leg)","AFC Ajax","Bayern München","5:2 (3:1)","2nd (2nd leg): 19/04/1995"
"454","UCL","1994-1995","halbfinale","1st(1st leg)","Paris Saint-Germain","AC Milan","0:1 (0:0)","1st(1st leg): 05/04/1995"
"455","UCL","1994-1995","halbfinale","2nd (2nd leg)","AC Milan","Paris Saint-Germain","2:0 (1:0)","2nd (2nd leg): 19/04/1995"
"456","UCL","1995-1996","halbfinale","1st(1st leg)","AFC Ajax","Panathinaikos","0:1 (0:0)","1st(1st leg): 03/04/1996"
"457","UCL","1995-1996","halbfinale","2nd (2nd leg)","Panathinaikos","AFC Ajax","0:3 (0:1)","2nd (2nd leg): 17/04/1996"
"458","UCL","1995-1996","halbfinale","1st(1st leg)","Juventus","FC Nantes","2:0 (0:0)","1st(1st leg): 03/04/1996"
"459","UCL","1995-1996","halbfinale","2nd (2nd leg)","FC Nantes","Juventus","3:2 (1:1)","2nd (2nd leg): 17/04/1996"
"460","UCL","1996-1997","halbfinale","1st(1st leg)","AFC Ajax","Juventus","1:2 (0:2)","1st(1st leg): 09/04/1997"
"461","UCL","1996-1997","halbfinale","2nd (2nd leg)","Juventus","AFC Ajax","4:1 (2:0)","2nd (2nd leg): 23/04/1997"
"462","UCL","1996-1997","halbfinale","1st(1st leg)","Borussia Dortmund","Manchester United","1:0 (0:0)","1st(1st leg): 09/04/1997"
"463","UCL","1996-1997","halbfinale","2nd (2nd leg)","Manchester United","Borussia Dortmund","0:1 (0:1)","2nd (2nd leg): 23/04/1997"
"464","UCL","1997-1998","halbfinale","1st(1st leg)","Juventus","AS Monaco","4:1 (2:1)","1st(1st leg): 01/04/1998"
"465","UCL","1997-1998","halbfinale","2nd (2nd leg)","AS Monaco","Juventus","3:2 (1:1)","2nd (2nd leg): 15/04/1998"
"466","UCL","1997-1998","halbfinale","1st(1st leg)","Real Madrid","Borussia Dortmund","2:0 (1:0)","1st(1st leg): 01/04/1998"
"467","UCL","1997-1998","halbfinale","2nd (2nd leg)","Borussia Dortmund","Real Madrid","0:0 (0:0)","2nd (2nd leg): 15/04/1998"
"468","UCL","1998-1999","halbfinale","1st(1st leg)","Dinamo Kiev","Bayern München","3:3 (2:1)","1st(1st leg): 07/04/1999 19:45"
"469","UCL","1998-1999","halbfinale","2nd (2nd leg)","Bayern München","Dinamo Kiev","1:0 (1:0)","2nd (2nd leg): 21/04/1999 19:45"
"470","UCL","1998-1999","halbfinale","1st(1st leg)","Manchester United","Juventus","1:1 (0:1)","1st(1st leg): 07/04/1999 19:45"
"471","UCL","1998-1999","halbfinale","2nd (2nd leg)","Juventus","Manchester United","2:3 (2:2)","2nd (2nd leg): 21/04/1999 19:45"
"472","UCL","1999-2000","halbfinale","1st(1st leg)","Valencia CF","FC Barcelona","4:1 (3:1)","1st(1st leg): 02/05/2000"
"473","UCL","1999-2000","halbfinale","2nd (2nd leg)","FC Barcelona","Valencia CF","2:1 (0:0)","2nd (2nd leg): 10/05/2000"
"474","UCL","1999-2000","halbfinale","1st(1st leg)","Real Madrid","Bayern München","2:0 (2:0)","1st(1st leg): 02/05/2000"
"475","UCL","1999-2000","halbfinale","2nd (2nd leg)","Bayern München","Real Madrid","2:1 (1:1)","2nd (2nd leg): 10/05/2000"
"476","UCL","2000-2001","halbfinale","1st(1st leg)","Real Madrid","Bayern München","0:1 (0:0)","1st(1st leg): 01/05/2001 19:45"
"477","UCL","2000-2001","halbfinale","2nd (2nd leg)","Bayern München","Real Madrid","2:1 (2:1)","2nd (2nd leg): 09/05/2001 19:45"
"478","UCL","2000-2001","halbfinale","1st(1st leg)","Leeds United","Valencia CF","0:0 (0:0)","1st(1st leg): 02/05/2001 19:45"
"479","UCL","2000-2001","halbfinale","2nd (2nd leg)","Valencia CF","Leeds United","3:0 (1:0)","2nd (2nd leg): 08/05/2001 19:45"
"480","UCL","2001-2002","halbfinale","1st(1st leg)","FC Barcelona","Real Madrid","0:2 (0:0)","1st(1st leg): 23/04/2002 19:45"
"481","UCL","2001-2002","halbfinale","2nd (2nd leg)","Real Madrid","FC Barcelona","1:1 (1:0)","2nd (2nd leg): 01/05/2002 19:45"
"482","UCL","2001-2002","halbfinale","1st(1st leg)","Manchester United","Bayer Leverkusen","2:2 (1:0)","1st(1st leg): 24/04/2002 19:45"
"483","UCL","2001-2002","halbfinale","2nd (2nd leg)","Bayer Leverkusen","Manchester United","1:1 (1:1)","2nd (2nd leg): 30/04/2002 19:45"
"484","UCL","2002-2003","halbfinale","1st(1st leg)","Real Madrid","Juventus","2:1 (1:1)","1st(1st leg): 06/05/2003 19:45"
"485","UCL","2002-2003","halbfinale","2nd (2nd leg)","Juventus","Real Madrid","3:1 (2:0)","2nd (2nd leg): 14/05/2003 19:45"
"486","UCL","2002-2003","halbfinale","1st(1st leg)","AC Milan","Inter","0:0 (0:0)","1st(1st leg): 07/05/2003 19:45"
"487","UCL","2002-2003","halbfinale","2nd (2nd leg)","Inter","AC Milan","1:1 (0:1)","2nd (2nd leg): 13/05/2003 19:45"
"488","UCL","2003-2004","halbfinale","1st(1st leg)","AS Monaco","Chelsea FC","3:1 (1:1)","1st(1st leg): 20/04/2004 19:45"
"489","UCL","2003-2004","halbfinale","2nd (2nd leg)","Chelsea FC","AS Monaco","2:2 (2:1)","2nd (2nd leg): 05/05/2004 19:45"
"490","UCL","2003-2004","halbfinale","1st(1st leg)","FC Porto","Deportivo La Coruña","0:0 (0:0)","1st(1st leg): 21/04/2004 19:45"
"491","UCL","2003-2004","halbfinale","2nd (2nd leg)","Deportivo La Coruña","FC Porto","0:1 (0:0)","2nd (2nd leg): 04/05/2004 19:45"
"492","UCL","2004-2005","halbfinale","1st(1st leg)","AC Milan","PSV Eindhoven","2:0 (1:0)","1st(1st leg): 26/04/2005 19:45"
"493","UCL","2004-2005","halbfinale","2nd (2nd leg)","PSV Eindhoven","AC Milan","3:1 (1:0)","2nd (2nd leg): 04/05/2005 19:45"
"494","UCL","2004-2005","halbfinale","1st(1st leg)","Chelsea FC","Liverpool FC","0:0 (0:0)","1st(1st leg): 27/04/2005 19:45"
"495","UCL","2004-2005","halbfinale","2nd (2nd leg)","Liverpool FC","Chelsea FC","1:0 (1:0)","2nd (2nd leg): 03/05/2005 19:45"
"496","UCL","2005-2006","halbfinale","1st(1st leg)","AC Milan","FC Barcelona","0:1 (0:0)","1st(1st leg): 18/04/2006 19:45"
"497","UCL","2005-2006","halbfinale","2nd (2nd leg)","FC Barcelona","AC Milan","0:0 (0:0)","2nd (2nd leg): 26/04/2006 19:45"
"498","UCL","2005-2006","halbfinale","1st(1st leg)","Arsenal FC","Villarreal CF","1:0 (1:0)","1st(1st leg): 19/04/2006 19:45"
"499","UCL","2005-2006","halbfinale","2nd (2nd leg)","Villarreal CF","Arsenal FC","0:0 (0:0)","2nd (2nd leg): 25/04/2006 19:45"
"500","UCL","2006-2007","halbfinale","1st(1st leg)","Manchester United","AC Milan","3:2 (1:2)","1st(1st leg): 24/04/2007 19:45"
"501","UCL","2006-2007","halbfinale","2nd (2nd leg)","AC Milan","Manchester United","3:0 (2:0)","2nd (2nd leg): 02/05/2007 19:45"
"502","UCL","2006-2007","halbfinale","1st(1st leg)","Chelsea FC","Liverpool FC","1:0 (1:0)","1st(1st leg): 25/04/2007 19:45"
"503","UCL","2006-2007","halbfinale","2nd (2nd leg)","Liverpool FC","Chelsea FC","4:1 (1:0, 1:0, 1:0) pso","2nd (2nd leg): 01/05/2007 19:45"
"504","UCL","1994-1995","endspiel","FINAL","AFC Ajax","AC Milan","1:0 (0:0)","24/05/1995: 19:30"
"505","UCL","1995-1996","endspiel","FINAL","Juventus","AFC Ajax","4:2 (1:1, 1:1, 1:1) pso","22/05/1996: 19:30"
"506","UCL","1996-1997","endspiel","FINAL","Borussia Dortmund","Juventus","3:1 (2:0)","28/05/1997: 19:30"
"507","UCL","1997-1998","endspiel","FINAL","Real Madrid","Juventus","1:0 (0:0)","20/05/1998: 19:45"
"508","UCL","1998-1999","endspiel","FINAL","Manchester United","Bayern München","2:1 (0:1)","26/05/1999: 19:45"
"509","UCL","1999-2000","endspiel","FINAL","Real Madrid","Valencia CF","3:0 (1:0)","24/05/2000: 19:45"
"510","UCL","2000-2001","endspiel","FINAL","Bayern München","Valencia CF","5:4 (0:1, 1:1, 1:1) pso","23/05/2001: 19:45"
"511","UCL","2001-2002","endspiel","FINAL","Bayer Leverkusen","Real Madrid","1:2 (1:2)","15/05/2002: 19:45"
"512","UCL","2002-2003","endspiel","FINAL","Juventus","AC Milan","2:3 (0:0, 0:0, 0:0) pso","28/05/2003: 19:45"
"513","UCL","2003-2004","endspiel","FINAL","AS Monaco","FC Porto","0:3 (0:1)","26/05/2004: 19:45"
"514","UCL","2004-2005","endspiel","FINAL","Liverpool FC","AC Milan","3:2 (0:3, 3:3, 3:3) pso","25/05/2005: 19:45"
"515","UCL","2005-2006","endspiel","FINAL","FC Barcelona","Arsenal FC","2:1 (0:1)","17/05/2006: 19:45"
"516","UCL","2006-2007","endspiel","FINAL","AC Milan","Liverpool FC","2:1 (1:0)","23/05/2007: 19:45"
